county_fips_code,death_rate
1001.0,0.01547685443390965
1003.0,0.014388489208633094
1005.0,0.025181391378574478
1007.0,0.024006001500375095
1009.0,0.02016246011024079
1011.0,0.03398058252427184
1013.0,0.031938821412505626
1015.0,0.022176731490958716
1017.0,0.03358613217768147
1019.0,0.024115755627009645
1021.0,0.025860130425005623
1023.0,0.040783034257748776
1025.0,0.017300056721497446
1027.0,0.036007580543272265
1029.0,0.02847682119205298
1031.0,0.02173525743809015
1033.0,0.021872541306058223
1035.0,0.026619343389529725
1037.0,0.02631578947368421
1039.0,0.028179019654274214
1041.0,0.03686934023285899
1043.0,0.0201580226904376
1045.0,0.023213194868662187
1047.0,0.04278966379549875
1049.0,0.021050274325383495
1051.0,0.02034657320872274
1053.0,0.019563581640331076
1055.0,0.025648332858364205
1057.0,0.02877030162412993
1059.0,0.01914992993928071
1061.0,0.03160358954350371
1063.0,0.036519871106337275
1065.0,0.034528552456839307
1067.0,0.022715539494062985
1069.0,0.026661694788850564
1071.0,0.016295649643532664
1073.0,0.019236978713891857
1075.0,0.02539464653397392
1077.0,0.025719084610539577
1079.0,0.03240440699935191
1081.0,0.010698163378888133
1083.0,0.015395243264581072
1085.0,0.03821656050955414
1087.0,0.03078817733990148
1089.0,0.014602044851155172
1091.0,0.02596883739512585
1093.0,0.03190491085392556
1095.0,0.01843914274160938
1097.0,0.0197019509970963
1099.0,0.022905027932960894
1101.0,0.024135446685878963
1103.0,0.019454182993056988
1105.0,0.02488479262672811
1107.0,0.02626005929690809
1109.0,0.024553571428571428
1111.0,0.023180592991913745
1113.0,0.0090687900906879
1115.0,0.02446755819712729
1117.0,0.009974083091180398
1119.0,0.030274361400189215
1121.0,0.021547619047619048
1123.0,0.037841796875
1125.0,0.017525694124865775
1127.0,0.03818779085683
1129.0,0.02292768959435626
1131.0,0.023529411764705882
1133.0,0.02609939220593493
2013.0,0.008174386920980926
2016.0,0.0
2020.0,0.0056849740255497105
2050.0,0.005639579594975647
2068.0,0.0
2070.0,0.008733624454148471
2090.0,0.005397263712815363
2100.0,0.0
2110.0,0.0020920502092050207
2122.0,0.0041979673000441895
2130.0,0.0030864197530864196
2150.0,0.005357142857142857
2158.0,0.0030557677616501145
2170.0,0.004701256517651081
2180.0,0.0
2185.0,0.003703703703703704
2188.0,0.0032310177705977385
2195.0,0.0
2198.0,0.006578947368421052
2220.0,0.0
2230.0,0.0
2240.0,0.006775067750677507
2261.0,0.004464285714285714
2275.0,0.0
2290.0,0.01092896174863388
2997.0,0.0
2998.0,0.023529411764705882
4001.0,0.03794916739702016
4003.0,0.023911964256164157
4005.0,0.018565117709556562
4007.0,0.03312689039320178
4009.0,0.014750311000533143
4011.0,0.01733102253032929
4012.0,0.032245062474808545
4013.0,0.018284379765334747
4015.0,0.031931464174454825
4017.0,0.032938316621087815
4019.0,0.020615913228544322
4021.0,0.016994228375268778
4023.0,0.02237970906378217
4025.0,0.026400248472926803
4027.0,0.022578999650978603
5001.0,0.017832003754106054
5003.0,0.017123287671232876
5005.0,0.032418952618453865
5007.0,0.014241044116647407
5009.0,0.020623872131992783
5011.0,0.022487702037947997
5013.0,0.007281553398058253
5015.0,0.01632942847000355
5017.0,0.025293028994447873
5019.0,0.019303201506591337
5021.0,0.029017857142857144
5023.0,0.037257824143070044
5025.0,0.025879917184265012
5027.0,0.02369868810833686
5029.0,0.014673188083592708
5031.0,0.013358778625954198
5033.0,0.016811431773606052
5035.0,0.015772357723577237
5037.0,0.025458248472505093
5039.0,0.0196078431372549
5041.0,0.01755669348939283
5043.0,0.022310361923648984
5045.0,0.012782540919719408
5047.0,0.023474178403755867
5049.0,0.040905134899912966
5051.0,0.02522714092402861
5053.0,0.019377568995889608
5055.0,0.012459546925566342
5057.0,0.00992063492063492
5059.0,0.014228033070563353
5061.0,0.015006002400960384
5063.0,0.03264016846538563
5065.0,0.024896265560165973
5067.0,0.011764705882352941
5069.0,0.01871866295264624
5071.0,0.012933968686181076
5073.0,0.016245487364620937
5075.0,0.020168855534709193
5077.0,0.02177751618599176
5079.0,0.014962593516209476
5081.0,0.03346613545816733
5083.0,0.011091393078970719
5085.0,0.016268835844779304
5087.0,0.015710382513661202
5089.0,0.028089887640449437
5091.0,0.008622645790787383
5093.0,0.018995929443690638
5095.0,0.0194954128440367
5097.0,0.043478260869565216
5099.0,0.02888086642599278
5101.0,0.03547066848567531
5103.0,0.02681992337164751
5105.0,0.011806375442739079
5107.0,0.023168103448275863
5109.0,0.021653543307086614
5111.0,0.02416823603264281
5113.0,0.036779324055666
5115.0,0.013591993080439886
5117.0,0.026373626373626374
5119.0,0.016693402847403248
5121.0,0.022904260192395786
5123.0,0.012184990307394073
5125.0,0.014115716044316783
5127.0,0.014830508474576272
5129.0,0.026462395543175487
5131.0,0.01844729809008539
5133.0,0.01033868092691622
5135.0,0.0315203955500618
5137.0,0.030211480362537766
5139.0,0.028339083292262198
5141.0,0.01704966641957005
5143.0,0.011272657400883878
5145.0,0.014846625766871166
5147.0,0.021505376344086023
5149.0,0.019425920556683098
6001.0,0.01901264514969791
6003.0,0.0
6005.0,0.012747491185245458
6007.0,0.01600707850707851
6009.0,0.02564102564102564
6011.0,0.007947019867549669
6013.0,0.01166339499362382
6015.0,0.0055671537926235215
6017.0,0.010966614906832298
6019.0,0.01664602572478961
6021.0,0.00918679823069071
6023.0,0.010140585388338327
6025.0,0.02564637923234854
6027.0,0.026554856743535988
6029.0,0.012643761564416066
6031.0,0.010701442745115029
6033.0,0.012773204655123474
6035.0,0.004349338900487126
6037.0,0.019576316311508787
6039.0,0.014803625377643504
6041.0,0.016251508054786742
6043.0,0.015184381778741865
6045.0,0.011578449905482041
6047.0,0.014635055774787931
6049.0,0.010666666666666666
6051.0,0.0030911901081916537
6053.0,0.009575391928333106
6055.0,0.008237894313843681
6057.0,0.018415063107800538
6059.0,0.018623136768022568
6061.0,0.012847132104853361
6063.0,0.008287292817679558
6065.0,0.01533506825002742
6067.0,0.016083050434195473
6069.0,0.010372077708264735
6071.0,0.01594111165811004
6073.0,0.013408936913804785
6075.0,0.014843602407362428
6077.0,0.01921415068863084
6079.0,0.012224251791485176
6081.0,0.013588430960862487
6083.0,0.013299336481905368
6085.0,0.017933468838088547
6087.0,0.012780337941628264
6089.0,0.018479832878033103
6091.0,0.0
6093.0,0.013924050632911392
6095.0,0.007677600525781203
6097.0,0.010594544796499194
6099.0,0.016962085684762738
6101.0,0.011841140102693073
6103.0,0.012399134028734502
6105.0,0.015151515151515152
6107.0,0.01687477560138828
6109.0,0.016542795492687605
6111.0,0.012564326156642635
6113.0,0.015134290180474633
6115.0,0.00766943183596807
8001.0,0.012134728280476206
8003.0,0.020058997050147492
8005.0,0.012852121077160444
8007.0,0.0020181634712411706
8009.0,0.012618296529968454
8011.0,0.013601036269430052
8013.0,0.010792877540735763
8014.0,0.015526046986721144
8015.0,0.01441753171856978
8017.0,0.046153846153846156
8019.0,0.0064516129032258064
8021.0,0.022091310751104567
8023.0,0.012145748987854251
8025.0,0.007246376811594203
8027.0,0.004784688995215311
8029.0,0.022980251346499104
8031.0,0.01127537300189743
8033.0,0.008928571428571428
8035.0,0.008596462225161184
8037.0,0.003637513838367863
8039.0,0.007142857142857143
8041.0,0.011854528006322414
8043.0,0.00960198234474214
8045.0,0.00702928870292887
8047.0,0.01107011070110701
8049.0,0.004707464694014795
8051.0,0.005173688100517369
8053.0,0.0
8055.0,0.04186046511627907
8057.0,0.0
8059.0,0.016434024671839572
8061.0,0.031578947368421054
8063.0,0.01740506329113924
8065.0,0.0012254901960784314
8067.0,0.010138476755687438
8069.0,0.008978385368557178
8071.0,0.011304347826086957
8073.0,0.0038797284190106693
8075.0,0.016923842707814832
8077.0,0.014535430110895307
8079.0,0.010752688172043012
8081.0,0.026651216685979143
8083.0,0.012487512487512488
8085.0,0.016939738961399612
8087.0,0.035042419771302104
8089.0,0.032508491023774864
8091.0,0.010380622837370242
8093.0,0.006134969325153374
8095.0,0.03299492385786802
8097.0,0.0015372790161414297
8099.0,0.017377567140600316
8101.0,0.020985591981624557
8103.0,0.006825938566552901
8105.0,0.018518518518518517
8107.0,0.009312638580931265
8109.0,0.009950248756218905
8111.0,0.038461538461538464
8113.0,0.0
8115.0,0.00851063829787234
8117.0,0.002408348943002408
8119.0,0.008700380641653072
8121.0,0.027837259100642397
8123.0,0.010547233261999389
8125.0,0.017875920084121977
9001.0,0.021969568301479624
9003.0,0.02885301250653859
9005.0,0.020336894001643385
9007.0,0.029004768978187788
9009.0,0.023070232659273757
9011.0,0.01991819313533701
9013.0,0.019481195957912284
9015.0,0.01790798053081091
10001.0,0.018978263268233476
10003.0,0.012815750371471025
10005.0,0.01907912451436704
11001.0,0.023164291103362492
12001.0,0.011169900058788948
12003.0,0.017479560191711305
12005.0,0.019225167491989513
12007.0,0.01901016060308096
12009.0,0.021230140295456657
12011.0,0.01255182366298007
12013.0,0.02753368482718219
12015.0,0.032522140358711024
12017.0,0.04055000875810125
12019.0,0.018241177385085766
12021.0,0.014818201376936317
12023.0,0.020536361439961345
12027.0,0.022082018927444796
12029.0,0.014751075599262446
12031.0,0.014744764073872357
12033.0,0.019263301500682128
12035.0,0.015185826561875582
12037.0,0.014684287812041116
12039.0,0.017483122728059547
12041.0,0.026862026862026864
12043.0,0.019328585961342827
12045.0,0.02271580010095911
12047.0,0.01516990291262136
12049.0,0.013723696248856358
12051.0,0.017853478350092346
12053.0,0.03293474547318073
12055.0,0.041680901947386405
12057.0,0.012755528323956999
12059.0,0.022757111597374178
12061.0,0.023948371044242283
12063.0,0.024972340761814447
12065.0,0.018396846254927726
12067.0,0.016
12069.0,0.0213415614052004
12071.0,0.013676534374322273
12073.0,0.010136677726705427
12075.0,0.015651201788708775
12077.0,0.015682656826568265
12079.0,0.021418372203712517
12081.0,0.017240085074440137
12083.0,0.03115323261705921
12085.0,0.02629926205055739
12086.0,0.01289435672660258
12087.0,0.007317759639741064
12089.0,0.014660048482050098
12091.0,0.017552250227174902
12093.0,0.02149510389300215
12095.0,0.009141252959210039
12097.0,0.011423018786439214
12099.0,0.019373567814207283
12101.0,0.01868026925674889
12103.0,0.020494768989243618
12105.0,0.019521437092133886
12107.0,0.02376355265112134
12109.0,0.00947725031090527
12111.0,0.02385534294324825
12113.0,0.015662845147747458
12115.0,0.025011112757445546
12117.0,0.014565162164450843
12119.0,0.029875867872922363
12121.0,0.025954764553207266
12123.0,0.017798764983654194
12125.0,0.04002163331530557
12127.0,0.018809613802610224
12129.0,0.01583710407239819
12131.0,0.01122461848909068
12133.0,0.018874773139745917
13001.0,0.030954428202923472
13003.0,0.02119460500963391
13005.0,0.02345159350571257
13007.0,0.03862660944206009
13009.0,0.02900763358778626
13011.0,0.02147074610842727
13013.0,0.01379446250862154
13015.0,0.015588412390446244
13017.0,0.0380460310004697
13019.0,0.024520255863539446
13021.0,0.028509181450357923
13023.0,0.03422818791946309
13025.0,0.02418379685610641
13027.0,0.03397027600849257
13029.0,0.011060156460749933
13031.0,0.01749526169995626
13033.0,0.024521072796934867
13035.0,0.027707808564231738
13037.0,0.02533783783783784
13039.0,0.009457441513190641
13043.0,0.06850715746421268
13045.0,0.02116585704371964
13047.0,0.010707283969235409
13049.0,0.021850899742930592
13051.0,0.019544527532290957
13053.0,0.0037391913998597805
13055.0,0.025561312607944732
13057.0,0.010398230088495575
13059.0,0.009694012134001583
13061.0,0.012552301255230125
13063.0,0.018506278916060808
13065.0,0.027327935222672066
13067.0,0.013559957507967256
13069.0,0.032378813400711214
13071.0,0.02594685080560787
13073.0,0.012310217480508822
13075.0,0.023369565217391305
13077.0,0.015679686406271875
13079.0,0.030165912518853696
13081.0,0.040380047505938245
13083.0,0.009402283411685695
13085.0,0.015350175887432043
13087.0,0.0235136042996305
13089.0,0.015594309862508184
13091.0,0.04843968327899394
13093.0,0.042086001829826164
13095.0,0.03985932004689332
13097.0,0.01463005929363238
13099.0,0.041176470588235294
13101.0,0.01875
13103.0,0.014737291755659975
13105.0,0.03210412147505423
13107.0,0.0317706315381635
13109.0,0.02965235173824131
13111.0,0.03061646669424907
13113.0,0.01925828106085617
13115.0,0.019383041900362916
13117.0,0.008637443316778234
13119.0,0.01955719557195572
13121.0,0.014440652563570263
13123.0,0.028769841269841268
13125.0,0.07063197026022305
13127.0,0.02148461074230537
13129.0,0.014249486776959305
13131.0,0.027629233511586453
13133.0,0.034688346883468835
13135.0,0.011492910596638737
13137.0,0.03134012689867333
13139.0,0.017427385892116183
13141.0,0.07327586206896551
13143.0,0.03223388305847077
13145.0,0.023246951219512195
13147.0,0.023323615160349854
13149.0,0.024886877828054297
13151.0,0.012852372446998524
13153.0,0.017905223478729134
13155.0,0.031568228105906315
13157.0,0.015254917703733441
13159.0,0.027581329561527583
13161.0,0.024134312696747113
13163.0,0.035096642929806715
13165.0,0.051341890315052506
13167.0,0.044365572315882874
13169.0,0.027777777777777776
13171.0,0.02766990291262136
13173.0,0.016352201257861635
13175.0,0.030249425084026182
13177.0,0.021691973969631236
13179.0,0.015647568608570053
13181.0,0.033775633293124246
13183.0,0.014823261117445839
13185.0,0.01660201706749418
13187.0,0.025049439683586024
13189.0,0.01977848101265823
13191.0,0.018411967779056387
13193.0,0.038288288288288286
13195.0,0.01768292682926829
13197.0,0.03866432337434095
13199.0,0.042926829268292686
13201.0,0.015116279069767442
13205.0,0.03946742748454589
13207.0,0.037009622501850484
13209.0,0.025555555555555557
13211.0,0.013614404918752744
13213.0,0.017853600476096014
13215.0,0.028624247122666827
13217.0,0.022554395895984434
13219.0,0.018033596837944664
13221.0,0.0199203187250996
13223.0,0.013125036297113653
13225.0,0.02301410541945063
13227.0,0.022746659084446973
13229.0,0.022790883646541384
13231.0,0.01806451612903226
13233.0,0.016916637600279037
13235.0,0.04782146652497343
13237.0,0.025664115263394866
13239.0,0.011834319526627219
13241.0,0.027574563871693866
13243.0,0.053712480252764615
13245.0,0.020638348932085434
13247.0,0.022119933512338576
13249.0,0.014204545454545454
13251.0,0.031031031031031032
13253.0,0.0198744769874477
13255.0,0.030439509240565304
13257.0,0.026324135743736123
13259.0,0.02682403433476395
13261.0,0.04007707129094412
13263.0,0.03643724696356275
13265.0,0.024390243902439025
13267.0,0.02828975567938277
13269.0,0.03209876543209877
13271.0,0.04387291981845688
13273.0,0.0587515299877601
13275.0,0.027367027146325315
13277.0,0.025615167406212183
13279.0,0.03371113048532404
13281.0,0.04538216560509554
13283.0,0.0338389731621937
13285.0,0.03051025775907417
13287.0,0.03753609239653513
13289.0,0.06027397260273973
13291.0,0.03265666372462489
13293.0,0.03735386370116909
13295.0,0.011166730843280709
13297.0,0.02424410029498525
13299.0,0.03610326744655103
13301.0,0.03656307129798903
13303.0,0.041821561338289966
13305.0,0.024786560176259985
13307.0,0.0273972602739726
13309.0,0.037914691943127965
13311.0,0.025023169601482854
13313.0,0.01437877809730618
13315.0,0.05748502994011976
13317.0,0.02737226277372263
13319.0,0.029787234042553193
13321.0,0.03775680177679067
15001.0,0.017839111410299563
15003.0,0.014261559950011026
15005.0,0.0
15007.0,0.006172839506172839
15009.0,0.011827956989247311
16001.0,0.008968355864360698
16003.0,0.011730205278592375
16005.0,0.012432188065099457
16007.0,0.005050505050505051
16009.0,0.012838801711840228
16011.0,0.015592942141977841
16013.0,0.007537688442211055
16015.0,0.005479452054794521
16017.0,0.012940114354498947
16019.0,0.011469725260069352
16021.0,0.012571428571428572
16023.0,0.0047169811320754715
16025.0,0.0
16027.0,0.01101159888415798
16029.0,0.017094017094017096
16031.0,0.009146341463414634
16033.0,0.0
16035.0,0.012999071494893221
16037.0,0.011673151750972763
16039.0,0.008666345690900338
16041.0,0.01316872427983539
16043.0,0.012313104661389622
16045.0,0.021487603305785124
16047.0,0.018209408194233688
16049.0,0.013761467889908258
16051.0,0.010603048376408217
16053.0,0.008735282947208508
16055.0,0.011246786632390746
16057.0,0.0034375
16059.0,0.016917293233082706
16061.0,0.023980815347721823
16063.0,0.021526418786692758
16065.0,0.003838771593090211
16067.0,0.014066496163682864
16069.0,0.014905149051490514
16071.0,0.010899182561307902
16073.0,0.027726432532347505
16075.0,0.014269186270728885
16077.0,0.01347305389221557
16079.0,0.029285099052540915
16081.0,0.003257328990228013
16083.0,0.013301711693132604
16085.0,0.008244994110718492
16087.0,0.017045454545454544
17001.0,0.017869575307495937
17003.0,0.02335456475583864
17005.0,0.014402304368698993
17007.0,0.012797881729920565
17009.0,0.016574585635359115
17011.0,0.025470947200849033
17013.0,0.009633911368015413
17015.0,0.02142051860202931
17017.0,0.01782178217821782
17019.0,0.007423975634131252
17021.0,0.02375358914121639
17023.0,0.022441160372194856
17025.0,0.03219315895372234
17027.0,0.017307026652821047
17029.0,0.01758356545961003
17031.0,0.019648622810656758
17033.0,0.019635343618513323
17035.0,0.023882896764252697
17037.0,0.012241329058583503
17039.0,0.022944550669216062
17041.0,0.015763168012302962
17043.0,0.015111816570813537
17045.0,0.034266133637921185
17047.0,0.022608695652173914
17049.0,0.017470006314460114
17051.0,0.01807416640698037
17053.0,0.030253916801728797
17055.0,0.01968155683325962
17057.0,0.01659237246161466
17059.0,0.01079913606911447
17061.0,0.031658637302133516
17063.0,0.013404825737265416
17065.0,0.021454112038140644
17067.0,0.02346368715083799
17069.0,0.03076923076923077
17071.0,0.043478260869565216
17073.0,0.019363762102351315
17075.0,0.022272433828276306
17077.0,0.014769594328475778
17079.0,0.01728608470181504
17081.0,0.02765812740875085
17083.0,0.025839793281653745
17085.0,0.014786418400876232
17087.0,0.014986376021798364
17089.0,0.014310787093290131
17091.0,0.015346329323931979
17093.0,0.00767170876456539
17095.0,0.032556484611279135
17097.0,0.015791018491341357
17099.0,0.0237346746306193
17101.0,0.014113740141137402
17103.0,0.021957040572792363
17105.0,0.02047082906857728
17107.0,0.018953752843062926
17109.0,0.021408839779005526
17111.0,0.01089684094737204
17113.0,0.011944654631931683
17115.0,0.019910494109051054
17117.0,0.024313561098302242
17119.0,0.019328058113892852
17121.0,0.02711713714158702
17123.0,0.019408502772643253
17125.0,0.029947916666666668
17127.0,0.03168754605747973
17129.0,0.01285140562248996
17131.0,0.0228494623655914
17133.0,0.021485714285714285
17135.0,0.0211864406779661
17137.0,0.025806451612903226
17139.0,0.02214022140221402
17141.0,0.014722536806342015
17143.0,0.015318497085230415
17145.0,0.021589486858573217
17147.0,0.013149243918474688
17149.0,0.03107658157602664
17151.0,0.012232415902140673
17153.0,0.010057471264367816
17155.0,0.00823045267489712
17157.0,0.022409638554216866
17159.0,0.027762039660056657
17161.0,0.023992637875501217
17163.0,0.018039417089298324
17165.0,0.027745664739884393
17167.0,0.014622343782873975
17169.0,0.024390243902439025
17171.0,0.002053388090349076
17173.0,0.017241379310344827
17175.0,0.03715170278637771
17177.0,0.021621621621621623
17179.0,0.019463869463869465
17181.0,0.019400352733686066
17183.0,0.015514809590973202
17185.0,0.011094674556213017
17187.0,0.027868852459016394
17189.0,0.018810679611650484
17191.0,0.029966703662597113
17193.0,0.021151586368977675
17195.0,0.029553264604810996
17197.0,0.014263735690630787
17199.0,0.01938653565263577
17201.0,0.015445381123622001
17203.0,0.019357495881383854
18001.0,0.015949871831387068
18003.0,0.017050791127808683
18005.0,0.01972797451292734
18007.0,0.014
18009.0,0.023408924652523776
18011.0,0.01551849166062364
18013.0,0.04057971014492753
18015.0,0.011387163561076604
18017.0,0.018431635388739945
18019.0,0.015271235374563137
18021.0,0.017836812144212524
18023.0,0.01332720588235294
18025.0,0.016634050880626222
18027.0,0.033499170812603646
18029.0,0.013768485466598673
18031.0,0.032586558044806514
18033.0,0.020141908903639278
18035.0,0.018221774562768977
18037.0,0.019035328278754638
18039.0,0.015953638997784216
18041.0,0.022184873949579832
18043.0,0.023744999354755453
18045.0,0.02214022140221402
18047.0,0.020954598370197905
18049.0,0.021148036253776436
18051.0,0.021449537141566947
18053.0,0.024166009981612818
18055.0,0.031217116801122415
18057.0,0.011872698290551311
18059.0,0.017346460384435068
18061.0,0.017084282460136675
18063.0,0.019174964438122333
18065.0,0.018534262880462508
18067.0,0.022339800117577895
18069.0,0.02069309399152331
18071.0,0.014787066246056782
18073.0,0.014375326711970726
18075.0,0.01739562624254473
18077.0,0.024805738194859532
18079.0,0.021739130434782608
18081.0,0.02176278563656148
18083.0,0.024
18085.0,0.012811165503593376
18087.0,0.027136046938027136
18089.0,0.01884602129473436
18091.0,0.017922309626145487
18093.0,0.026388593317727176
18095.0,0.027607831141021718
18097.0,0.0178470585944346
18099.0,0.019050694220213108
18101.0,0.01646542261251372
18103.0,0.0176696542893726
18105.0,0.014558689717925387
18107.0,0.021143122676579924
18109.0,0.021599880828243705
18111.0,0.033154121863799284
18113.0,0.015272474835126693
18115.0,0.01903114186851211
18117.0,0.03035143769968051
18119.0,0.028243178554332216
18121.0,0.010702341137123745
18123.0,0.0202991452991453
18125.0,0.024799416484318017
18127.0,0.01730319563522993
18129.0,0.012463343108504398
18131.0,0.038558256496227995
18133.0,0.016198704103671708
18135.0,0.03385731559854897
18137.0,0.02032520325203252
18139.0,0.014277869302580999
18141.0,0.015686487366678426
18143.0,0.02116598588934274
18145.0,0.017904953145917002
18147.0,0.013253527148353997
18149.0,0.025243578387953942
18151.0,0.015388496468213926
18153.0,0.019644527595884004
18155.0,0.009937888198757764
18157.0,0.009988559359324122
18159.0,0.028950542822677925
18161.0,0.01456953642384106
18163.0,0.01791111111111111
18165.0,0.025507246376811593
18167.0,0.02043900111340862
18169.0,0.02278410669630453
18171.0,0.019230769230769232
18173.0,0.020298736116430488
18175.0,0.013530135301353014
18177.0,0.027271517892776372
18179.0,0.02797438490057297
18181.0,0.01692828562634657
18183.0,0.010158572844400396
19001.0,0.03665521191294387
19003.0,0.011627906976744186
19005.0,0.0334865397242285
19007.0,0.03801396431342126
19009.0,0.019267822736030827
19011.0,0.02131782945736434
19013.0,0.019433299899699098
19015.0,0.01269130272489735
19017.0,0.020891364902506964
19019.0,0.0171606864274571
19021.0,0.009389671361502348
19023.0,0.02109704641350211
19025.0,0.009365994236311239
19027.0,0.018118466898954706
19029.0,0.038820992092020126
19031.0,0.012016718913270637
19033.0,0.016351744186046513
19035.0,0.02383939774153074
19037.0,0.012861736334405145
19039.0,0.023809523809523808
19041.0,0.012488436632747455
19043.0,0.03341148886283705
19045.0,0.016598250936998037
19047.0,0.014930944382232176
19049.0,0.008793746669035353
19051.0,0.02823529411764706
19053.0,0.01468189233278956
19055.0,0.019449715370018977
19057.0,0.0145954067396437
19059.0,0.017663588920112404
19061.0,0.015518265518265519
19063.0,0.029542097488921712
19065.0,0.022617124394184167
19067.0,0.025878003696857672
19069.0,0.01707317073170732
19071.0,0.01597444089456869
19073.0,0.014102564102564103
19075.0,0.024158125915080528
19077.0,0.026079869600651995
19079.0,0.0281767955801105
19081.0,0.022696929238985315
19083.0,0.023504273504273504
19085.0,0.040600667408231365
19087.0,0.012589316093909493
19089.0,0.021012416427889206
19091.0,0.021775544388609715
19093.0,0.03820960698689956
19095.0,0.01603206412825651
19097.0,0.018691588785046728
19099.0,0.017122473246135552
19101.0,0.02623688155922039
19103.0,0.005831103793647527
19105.0,0.018949468085106384
19107.0,0.032157676348547715
19109.0,0.03009259259259259
19111.0,0.014736842105263158
19113.0,0.01602655286865813
19115.0,0.03789636504253674
19117.0,0.029525032092426188
19119.0,0.0258349086326402
19121.0,0.011564211807668898
19123.0,0.02199223803363519
19125.0,0.02079912424740011
19127.0,0.01563464307755606
19129.0,0.014742014742014743
19131.0,0.03320158102766799
19133.0,0.03739445114595899
19135.0,0.030271398747390398
19137.0,0.03667953667953668
19139.0,0.02138157894736842
19141.0,0.0305
19143.0,0.020253164556962026
19145.0,0.011351909184726523
19147.0,0.02026431718061674
19149.0,0.01987577639751553
19151.0,0.02564102564102564
19153.0,0.010955128757212988
19155.0,0.015369493342864802
19157.0,0.022335673261008295
19159.0,0.04293381037567084
19161.0,0.01452599388379205
19163.0,0.012048192771084338
19165.0,0.02815829528158295
19167.0,0.014329976762199844
19169.0,0.0044884982233027865
19171.0,0.03366524419155998
19173.0,0.018072289156626505
19175.0,0.02627511591962906
19177.0,0.031914893617021274
19179.0,0.028188539741219962
19181.0,0.015477214101461736
19183.0,0.01990632318501171
19185.0,0.0423572744014733
19187.0,0.018291496400077836
19189.0,0.021527777777777778
19191.0,0.017721518987341773
19193.0,0.015060835251561986
19195.0,0.010568031704095112
19197.0,0.021528525296017224
20001.0,0.016051364365971106
20003.0,0.021352313167259787
20005.0,0.008567931456548347
20007.0,0.016042780748663103
20009.0,0.018680899733130005
20011.0,0.018220042046250877
20013.0,0.031426269137792104
20015.0,0.011708985659781608
20017.0,0.010416666666666666
20019.0,0.022388059701492536
20021.0,0.02121697357886309
20023.0,0.03804347826086957
20025.0,0.02766798418972332
20027.0,0.035108958837772396
20029.0,0.023046092184368736
20031.0,0.03099730458221024
20033.0,0.052941176470588235
20035.0,0.027243189202699324
20037.0,0.01765076696785039
20039.0,0.044444444444444446
20041.0,0.025266704098820886
20043.0,0.022660098522167486
20045.0,0.009312780989081566
20047.0,0.0449438202247191
20049.0,0.027777777777777776
20051.0,0.01944074567243675
20053.0,0.02125919869174162
20055.0,0.011965251598098673
20057.0,0.013176144244105409
20059.0,0.016679596586501165
20061.0,0.011554015020219527
20063.0,0.05699481865284974
20065.0,0.033962264150943396
20067.0,0.018367346938775512
20069.0,0.022913256955810146
20071.0,0.009259259259259259
20073.0,0.01867572156196944
20075.0,0.004761904761904762
20077.0,0.028662420382165606
20079.0,0.020380434782608696
20081.0,0.02142857142857143
20083.0,0.03755868544600939
20085.0,0.0113314447592068
20087.0,0.020654044750430294
20089.0,0.024096385542168676
20091.0,0.012988109714903391
20093.0,0.017452006980802792
20095.0,0.019430051813471502
20097.0,0.01845018450184502
20099.0,0.018168604651162792
20101.0,0.04895104895104895
20103.0,0.012665198237885462
20105.0,0.018867924528301886
20107.0,0.014388489208633094
20109.0,0.020338983050847456
20111.0,0.019995349918623576
20113.0,0.02649598094671033
20115.0,0.02154398563734291
20117.0,0.023070097604259095
20119.0,0.02321083172147002
20121.0,0.015113350125944584
20123.0,0.03185840707964602
20125.0,0.02360391479562464
20127.0,0.037520391517128875
20129.0,0.03345724907063197
20131.0,0.036939313984168866
20133.0,0.01936912008854455
20135.0,0.043010752688172046
20137.0,0.022113022113022112
20139.0,0.020634920634920634
20141.0,0.041237113402061855
20143.0,0.02355072463768116
20145.0,0.01192504258943782
20147.0,0.033566433566433566
20149.0,0.016028955532574975
20151.0,0.030637254901960783
20153.0,0.019444444444444445
20155.0,0.01622883829538821
20157.0,0.022058823529411766
20159.0,0.011131725417439703
20161.0,0.006520090978013647
20163.0,0.016666666666666666
20165.0,0.03233256351039261
20167.0,0.03372093023255814
20169.0,0.022712833545108006
20171.0,0.03864734299516908
20173.0,0.013367958728388175
20175.0,0.010286001003512292
20177.0,0.020688871206092987
20179.0,0.03211009174311927
20181.0,0.0182648401826484
20183.0,0.010948905109489052
20185.0,0.02556818181818182
20187.0,0.032432432432432434
20189.0,0.017064846416382253
20191.0,0.023711810305517556
20193.0,0.01762114537444934
20195.0,0.019656019656019656
20197.0,0.02040816326530612
20199.0,0.0223463687150838
20201.0,0.025830258302583026
20203.0,0.027649769585253458
20205.0,0.015717092337917484
20207.0,0.022727272727272728
20209.0,0.014287789993703686
21001.0,0.027692307692307693
21003.0,0.020009528346831826
21005.0,0.013053348467650397
21007.0,0.02195121951219512
21009.0,0.02208342627704662
21011.0,0.02119460500963391
21013.0,0.017817371937639197
21015.0,0.01044601745584496
21017.0,0.010944700460829493
21019.0,0.014787066246056782
21021.0,0.02194628934449899
21023.0,0.010736196319018405
21025.0,0.008678881388621022
21027.0,0.013107170393215111
21029.0,0.010884353741496598
21031.0,0.018342391304347828
21033.0,0.02069857697283312
21035.0,0.014362151506617854
21037.0,0.009399773499433748
21039.0,0.01867219917012448
21041.0,0.019398642095053348
21043.0,0.015131863380890618
21045.0,0.02610441767068273
21047.0,0.01510446075663467
21049.0,0.010723860589812333
21051.0,0.017100371747211896
21053.0,0.022053756030323914
21055.0,0.034074074074074076
21057.0,0.01849217638691323
21059.0,0.017478038067349926
21061.0,0.026427061310782242
21063.0,0.002068252326783868
21065.0,0.01048951048951049
21067.0,0.008725425226419262
21069.0,0.019769357495881382
21071.0,0.020184544405997693
21073.0,0.013572467280659235
21075.0,0.029850746268656716
21077.0,0.04293628808864266
21079.0,0.023240800516462233
21081.0,0.009185303514376996
21083.0,0.02242466713384723
21085.0,0.026044005388414906
21087.0,0.01461038961038961
21089.0,0.01718494271685761
21091.0,0.017857142857142856
21093.0,0.016921673928462864
21095.0,0.029199587770525594
21097.0,0.014310246136233544
21099.0,0.025398406374501994
21101.0,0.015815085158150853
21103.0,0.013034033309196235
21105.0,0.03282828282828283
21107.0,0.032434801665570896
21109.0,0.024114544084400905
21111.0,0.015866509126859732
21113.0,0.013868459760453877
21115.0,0.016843118383060636
21117.0,0.012153082091732399
21119.0,0.020887728459530026
21121.0,0.01311866428145498
21123.0,0.01924500370096225
21125.0,0.011373578302712161
21127.0,0.01694915254237288
21129.0,0.020139426800929512
21131.0,0.008528784648187633
21133.0,0.023231801755291687
21135.0,0.029542097488921712
21137.0,0.02392947103274559
21139.0,0.027649769585253458
21141.0,0.02391681109185442
21143.0,0.012634238787113077
21145.0,0.019118505545826035
21147.0,0.01624015748031496
21149.0,0.030066815144766147
21151.0,0.011732375013212134
21153.0,0.016617790811339198
21155.0,0.016129032258064516
21157.0,0.019867549668874173
21159.0,0.019102196752626553
21161.0,0.02313475997686524
21163.0,0.012106537530266344
21165.0,0.03512396694214876
21167.0,0.020697585281717133
21169.0,0.02843601895734597
21171.0,0.03283582089552239
21173.0,0.011012433392539964
21175.0,0.0013049151805132667
21177.0,0.022075782537067545
21179.0,0.011868839267752966
21181.0,0.014010507880910683
21183.0,0.022026431718061675
21185.0,0.010950332420805632
21187.0,0.017881705639614855
21189.0,0.031746031746031744
21191.0,0.004816955684007707
21193.0,0.024390243902439025
21195.0,0.01822041393950115
21197.0,0.009774436090225564
21199.0,0.01777845312262574
21201.0,0.05982905982905983
21203.0,0.01422387136672851
21205.0,0.008733624454148471
21207.0,0.02368421052631579
21209.0,0.007027132539527621
21211.0,0.01623309053069719
21213.0,0.019736842105263157
21215.0,0.015281173594132029
21217.0,0.016194331983805668
21219.0,0.022920203735144314
21221.0,0.011169024571854059
21223.0,0.010086455331412104
21225.0,0.011204481792717087
21227.0,0.011135168574079802
21229.0,0.028198074277854195
21231.0,0.02249212775528565
21233.0,0.014858841010401188
21235.0,0.011566359537345618
21237.0,0.011194029850746268
21239.0,0.009686346863468635
22001.0,0.029091451588840817
22003.0,0.02845654191153727
22005.0,0.013221439315968649
22007.0,0.015748031496062992
22009.0,0.028564793311658152
22011.0,0.02389705882352941
22013.0,0.0485207100591716
22015.0,0.021487255108489572
22017.0,0.02815584804068202
22019.0,0.019255174828235088
22021.0,0.025777777777777778
22023.0,0.01129032258064516
22025.0,0.032423208191126277
22027.0,0.03759398496240601
22029.0,0.0321390937829294
22031.0,0.0273109243697479
22033.0,0.02046219319081552
22035.0,0.02383053839364519
22037.0,0.03480422622747048
22039.0,0.025437636761487966
22041.0,0.04214711729622266
22043.0,0.026173285198555957
22045.0,0.021649767059468347
22047.0,0.025660764690787787
22049.0,0.025123152709359605
22051.0,0.01915782295529131
22053.0,0.03011487115802546
22055.0,0.011993194173548575
22057.0,0.020761596110998582
22059.0,0.022713321055862493
22061.0,0.020208604954367666
22063.0,0.015133960897900072
22065.0,0.025477707006369428
22067.0,0.0273109243697479
22069.0,0.02250726040658277
22071.0,0.02591687041564792
22073.0,0.024299462965916944
22075.0,0.010550996483001172
22077.0,0.028016436309301458
22079.0,0.025430484693877552
22081.0,0.04241071428571429
22083.0,0.022626262626262626
22085.0,0.020770519262981575
22087.0,0.013222331047992164
22089.0,0.017471181556195967
22091.0,0.012345679012345678
22093.0,0.024875621890547265
22095.0,0.03710526315789474
22097.0,0.02854938271604938
22099.0,0.021487603305785124
22101.0,0.028659160696008188
22103.0,0.0202796128437548
22105.0,0.023205445544554455
22107.0,0.021798365122615803
22109.0,0.021130728775356874
22111.0,0.032948929159802305
22113.0,0.022009229676961305
22115.0,0.03282828282828283
22117.0,0.03003613369467028
22119.0,0.027001194743130227
22121.0,0.021109976166155942
22123.0,0.03462837837837838
22125.0,0.028145695364238412
22127.0,0.02862595419847328
23001.0,0.010130246020260492
23003.0,0.024585783003741316
23005.0,0.01144191476941039
23007.0,0.011169024571854059
23009.0,0.028023598820058997
23011.0,0.011061607005684437
23013.0,0.0052863436123348016
23015.0,0.0028222013170272815
23017.0,0.018410041841004185
23019.0,0.015173527037933818
23021.0,0.01048951048951049
23023.0,0.006839945280437756
23025.0,0.014972776769509982
23027.0,0.02044790652385589
23029.0,0.017738359201773836
23031.0,0.009820826148886724
24001.0,0.03009127210496292
24003.0,0.014832732417507188
24005.0,0.025244225326394594
24009.0,0.02013740819710969
24011.0,0.012382578992314262
24013.0,0.026559865092748734
24015.0,0.023786869647954328
24017.0,0.019388036387025635
24019.0,0.022614840989399292
24021.0,0.01712986356745831
24023.0,0.03194103194103194
24025.0,0.01773006874924617
24027.0,0.012999168053244593
24029.0,0.03777777777777778
24031.0,0.02259345860213539
24033.0,0.018496987633442555
24035.0,0.017005668556185394
24037.0,0.02155529762891726
24039.0,0.015308075009567547
24041.0,0.02036094400740398
24043.0,0.02245806230742896
24045.0,0.022381262199089133
24047.0,0.02894593118514473
24510.0,0.023196460980036297
25001.0,0.033719174635128336
25003.0,0.04380456425179966
25005.0,0.025938198119855465
25007.0,0.0014184397163120568
25009.0,0.024515626920083564
25011.0,0.04430625728721337
25013.0,0.029202947086403214
25015.0,0.03260037195055246
25017.0,0.0278633871684694
25019.0,0.0013166556945358788
25021.0,0.03263505259895349
25023.0,0.02926343189490381
25025.0,0.01980603448275862
25027.0,0.02902254858714549
26001.0,0.04336043360433604
26003.0,0.010510510510510511
26005.0,0.013595030161159628
26007.0,0.026991150442477876
26009.0,0.017791411042944787
26011.0,0.02408637873754153
26013.0,0.03861788617886179
26015.0,0.011290866194809571
26017.0,0.03084053837240396
26019.0,0.027472527472527472
26021.0,0.018511351909184726
26023.0,0.021175224986765485
26025.0,0.021192603365884063
26027.0,0.013932172318973418
26029.0,0.012552301255230125
26031.0,0.02338877338877339
26033.0,0.008762517882689556
26035.0,0.03290008123476848
26037.0,0.01185458377239199
26039.0,0.014112903225806451
26041.0,0.023186975826344353
26043.0,0.02702702702702703
26045.0,0.0206582979144015
26047.0,0.018120522545301308
26049.0,0.022778058098464643
26051.0,0.02566333188342758
26053.0,0.03561253561253561
26055.0,0.01486528336946423
26057.0,0.017818652105187526
26059.0,0.021170043250625995
26061.0,0.013401403956604978
26063.0,0.019603038470963
26065.0,0.015456012913640032
26067.0,0.009154550350026925
26069.0,0.037055583375062595
26071.0,0.049429657794676805
26073.0,0.015374861309240767
26075.0,0.014871306005719733
26077.0,0.017245124017201685
26079.0,0.020535714285714286
26081.0,0.011578615230543399
26083.0,0.011299435028248588
26085.0,0.023696682464454975
26087.0,0.021596051007815715
26089.0,0.014516129032258065
26091.0,0.015828936406553733
26093.0,0.011434386973180076
26095.0,0.0044943820224719105
26097.0,0.005657708628005658
26099.0,0.02436370895298932
26101.0,0.01218892839004571
26103.0,0.010640094578618477
26105.0,0.016909347111319868
26107.0,0.010335108048856874
26109.0,0.020283018867924527
26111.0,0.012083388660204489
26113.0,0.017310252996005325
26115.0,0.017008797653958945
26117.0,0.014474975466143278
26119.0,0.03262642740619902
26121.0,0.02040593030253296
26123.0,0.01398889117465542
26125.0,0.020061846062608548
26127.0,0.02177068214804064
26129.0,0.02476958525345622
26131.0,0.0440251572327044
26133.0,0.015376729882111738
26135.0,0.04398826979472141
26137.0,0.017469109501491265
26139.0,0.012991379837378492
26141.0,0.032288698955365625
26143.0,0.026984126984126985
26145.0,0.02752007136485281
26147.0,0.023809523809523808
26149.0,0.016090104585679808
26151.0,0.028241939279830548
26153.0,0.011494252873563218
26155.0,0.01639344262295082
26157.0,0.0309351246243592
26159.0,0.018040873854827343
26161.0,0.011167813031580504
26163.0,0.03066605107768571
26165.0,0.016285516285516284
27001.0,0.0262582056892779
27003.0,0.010651555409250158
27005.0,0.014274591227614845
27007.0,0.014564305109849419
27009.0,0.016867469879518072
27011.0,0.006633499170812604
27013.0,0.005520504731861199
27015.0,0.013003901170351105
27017.0,0.015940791346427556
27019.0,0.004333898624458263
27021.0,0.011279520620373634
27023.0,0.0247234873129473
27025.0,0.008453909933344172
27027.0,0.011156924569488236
27029.0,0.01805869074492099
27031.0,0.0
27033.0,0.013772455089820359
27035.0,0.013553329404832056
27037.0,0.009972762562463808
27039.0,0.002137894174238375
27041.0,0.01688119856509812
27043.0,0.012369791666666666
27045.0,0.006361323155216285
27047.0,0.008967312698871854
27049.0,0.01512013256006628
27051.0,0.013490725126475547
27053.0,0.01411984175484867
27055.0,0.009216589861751152
27057.0,0.021112255406797117
27059.0,0.014668805867522347
27061.0,0.013186813186813187
27063.0,0.009795918367346938
27065.0,0.018467852257181942
27067.0,0.012665862484921592
27069.0,0.045174537987679675
27071.0,0.01733477789815818
27073.0,0.0291005291005291
27075.0,0.024360535931790498
27077.0,0.008746355685131196
27079.0,0.008431703204047217
27081.0,0.005128205128205128
27083.0,0.014305364511691884
27085.0,0.014245679588977114
27087.0,0.015901060070671377
27089.0,0.01927437641723356
27091.0,0.013663535439795047
27093.0,0.016042780748663103
27095.0,0.017396907216494846
27097.0,0.014184397163120567
27099.0,0.00701530612244898
27101.0,0.008411214953271028
27103.0,0.013309134906231096
27105.0,0.011747430249632892
27107.0,0.016453382084095063
27109.0,0.007633587786259542
27111.0,0.013872238396985785
27113.0,0.012345679012345678
27115.0,0.006873879258816497
27117.0,0.02235597592433362
27119.0,0.01829896907216495
27121.0,0.0053285968028419185
27123.0,0.016993263931414575
27125.0,0.017456359102244388
27127.0,0.02161547212741752
27129.0,0.02473886750962067
27131.0,0.013232050967900024
27133.0,0.014763014763014764
27135.0,0.009492168960607499
27137.0,0.017173563791479697
27139.0,0.007428995942625293
27141.0,0.0077064834980733795
27143.0,0.006854009595613434
27145.0,0.009955113106084174
27147.0,0.0037831021437578815
27149.0,0.011904761904761904
27151.0,0.016885553470919325
27153.0,0.011224131883549631
27155.0,0.013368983957219251
27157.0,0.0014443909484833895
27159.0,0.0136986301369863
27161.0,0.00968013468013468
27163.0,0.01062037647403501
27165.0,0.0066518847006651885
27167.0,0.01444043321299639
27169.0,0.01108454683764399
27171.0,0.008742968941061384
27173.0,0.017436791630340016
28001.0,0.027944111776447105
28003.0,0.022457891453524642
28005.0,0.03349282296650718
28007.0,0.03398510242085661
28009.0,0.024485798237022526
28011.0,0.027616279069767442
28013.0,0.018465089440276975
28015.0,0.024529844644317254
28017.0,0.0281086231538828
28019.0,0.02284263959390863
28021.0,0.029182879377431907
28023.0,0.044717719396310786
28025.0,0.028969957081545063
28027.0,0.027190332326283987
28029.0,0.022080963532954166
28031.0,0.030531473803241612
28033.0,0.011921965317919074
28035.0,0.019650655021834062
28037.0,0.02715466351829988
28039.0,0.01909307875894988
28041.0,0.02513328255902513
28043.0,0.033004552352048556
28045.0,0.0226503514709711
28047.0,0.017233809001097694
28049.0,0.020357473335606096
28051.0,0.03894736842105263
28053.0,0.033950617283950615
28055.0,0.03550295857988166
28057.0,0.02528735632183908
28059.0,0.018255428781744572
28061.0,0.02167042889390519
28063.0,0.04229607250755287
28065.0,0.03075489282385834
28067.0,0.019584569732937686
28069.0,0.029045643153526972
28071.0,0.01899138206192148
28073.0,0.013986013986013986
28075.0,0.03315905338470006
28077.0,0.01834862385321101
28079.0,0.027326440177252585
28081.0,0.017550857598723574
28083.0,0.03563283922462942
28085.0,0.02775
28087.0,0.02308288148721921
28089.0,0.02198233562315996
28091.0,0.029531192321889995
28093.0,0.023011176857330704
28095.0,0.03255365324330842
28097.0,0.03343701399688958
28099.0,0.043907252096694625
28101.0,0.025413473174667203
28103.0,0.026583268178264268
28105.0,0.02106620808254514
28107.0,0.023706896551724137
28109.0,0.031940494421352
28111.0,0.030015797788309637
28113.0,0.03189269746646796
28115.0,0.017241379310344827
28117.0,0.021246458923512748
28119.0,0.019583843329253364
28121.0,0.020428861199652273
28123.0,0.023248507697141062
28125.0,0.03353057199211045
28127.0,0.02991596638655462
28129.0,0.020769700671960906
28131.0,0.017818574514038878
28133.0,0.026883308714918758
28135.0,0.022828507795100223
28137.0,0.025212547639988273
28139.0,0.023407917383821
28141.0,0.029117774880486745
28143.0,0.02414113277623027
28145.0,0.018313253012048194
28147.0,0.0340993328391401
28149.0,0.027539503386004513
28151.0,0.025
28153.0,0.015891032917139614
28155.0,0.02782608695652174
28157.0,0.04505813953488372
28159.0,0.03529411764705882
28161.0,0.023381294964028777
28163.0,0.02237136465324385
29001.0,0.008077544426494346
29003.0,0.010598834128245893
29005.0,0.01312910284463895
29007.0,0.020900900900900903
29009.0,0.016019086571233812
29011.0,0.012647554806070826
29013.0,0.022388059701492536
29015.0,0.02
29017.0,0.012259194395796848
29019.0,0.0062506735639616335
29021.0,0.017278821641015955
29023.0,0.011352885525070956
29025.0,0.01715686274509804
29027.0,0.009950248756218905
29029.0,0.021256038647342997
29031.0,0.014112481706042233
29033.0,0.02149532710280374
29035.0,0.019891500904159132
29037.0,0.01225674658638856
29039.0,0.019469026548672566
29041.0,0.011412268188302425
29043.0,0.010246804759806083
29045.0,0.01032448377581121
29047.0,0.016476552598225603
29049.0,0.03176930596285435
29051.0,0.013837437350185226
29053.0,0.014515292897874546
29055.0,0.01445966514459665
29057.0,0.04200542005420054
29059.0,0.02092675635276532
29061.0,0.014884979702300407
29063.0,0.027705627705627706
29065.0,0.016898608349900597
29067.0,0.030494216614090432
29069.0,0.01718213058419244
29071.0,0.017218912881608338
29073.0,0.02911392405063291
29075.0,0.02497027348394768
29077.0,0.015790177974039876
29079.0,0.03278688524590164
29081.0,0.015086206896551725
29083.0,0.01966568338249754
29085.0,0.022935779816513763
29087.0,0.03131991051454139
29089.0,0.006572769953051643
29091.0,0.012701100762066046
29093.0,0.007650273224043716
29095.0,0.012043232115285641
29097.0,0.013577023498694517
29099.0,0.010577290684337964
29101.0,0.011283497884344146
29103.0,0.007792207792207792
29105.0,0.02085195114685731
29107.0,0.018193424832428983
29109.0,0.02512272596015016
29111.0,0.01811248808388942
29113.0,0.008180628272251309
29115.0,0.009978617248752673
29117.0,0.02125506072874494
29119.0,0.013452914798206279
29121.0,0.010031347962382446
29123.0,0.009535160905840286
29125.0,0.0124804992199688
29127.0,0.014223194748358862
29129.0,0.006557377049180328
29131.0,0.021509581540868204
29133.0,0.018880647336480108
29135.0,0.017777777777777778
29137.0,0.011741682974559686
29139.0,0.010526315789473684
29141.0,0.02549246813441483
29143.0,0.02156586966713549
29145.0,0.014678899082568808
29147.0,0.009576427255985266
29149.0,0.005875440658049354
29151.0,0.009738283627510651
29153.0,0.030837004405286344
29155.0,0.024299065420560748
29157.0,0.013315579227696404
29159.0,0.015066640911724938
29161.0,0.03331624807790876
29163.0,0.014317180616740088
29165.0,0.01117717003567182
29167.0,0.011425307055127107
29169.0,0.01565613435809849
29171.0,0.009615384615384616
29173.0,0.012206572769953052
29175.0,0.011111111111111112
29177.0,0.01358148893360161
29179.0,0.00823045267489712
29181.0,0.014625228519195612
29183.0,0.011302273012683661
29185.0,0.01008827238335435
29186.0,0.009279475982532752
29187.0,0.012954827081221133
29189.0,0.022446229851789012
29195.0,0.013434378229417844
29197.0,0.02046783625730994
29199.0,0.012944983818770227
29201.0,0.018166455428812844
29203.0,0.02003338898163606
29205.0,0.010558069381598794
29207.0,0.01632815611310235
29209.0,0.01886035313001605
29211.0,0.016241299303944315
29213.0,0.017794900018345258
29215.0,0.012188659247482777
29217.0,0.022885572139303482
29219.0,0.010283577438454348
29221.0,0.01875225387666787
29223.0,0.013397129186602871
29225.0,0.014614343707713126
29227.0,0.012195121951219513
29229.0,0.020923076923076923
29510.0,0.020531256241262234
30001.0,0.012048192771084338
30003.0,0.02945736434108527
30005.0,0.03
30007.0,0.009784735812133072
30009.0,0.01905829596412556
30011.0,0.03289473684210526
30013.0,0.019257665411511565
30015.0,0.013725490196078431
30017.0,0.014950166112956811
30019.0,0.04060913705583756
30021.0,0.027198549410698096
30023.0,0.013380909901873328
30025.0,0.006968641114982578
30027.0,0.027653880463871544
30029.0,0.00795212329890146
30031.0,0.004279219042524739
30033.0,0.025
30035.0,0.027237354085603113
30037.0,0.034482758620689655
30039.0,0.009900990099009901
30041.0,0.02242152466367713
30043.0,0.007272727272727273
30045.0,0.01098901098901099
30047.0,0.016989145823501653
30049.0,0.01261467889908257
30051.0,0.00847457627118644
30053.0,0.010423053341508276
30055.0,0.005434782608695652
30057.0,0.010126582278481013
30059.0,0.045454545454545456
30061.0,0.003787878787878788
30063.0,0.010292524377031419
30065.0,0.03361344537815126
30067.0,0.013966480446927373
30069.0,0.08333333333333333
30071.0,0.030534351145038167
30073.0,0.007984031936127744
30075.0,0.047619047619047616
30077.0,0.011827956989247311
30079.0,0.014184397163120567
30081.0,0.014451775054979578
30083.0,0.013687600644122383
30085.0,0.032490974729241874
30087.0,0.04065040650406504
30089.0,0.023076923076923078
30091.0,0.01179245283018868
30093.0,0.020863658418243572
30095.0,0.01891891891891892
30097.0,0.017369727047146403
30099.0,0.011928429423459244
30101.0,0.015193370165745856
30103.0,0.01818181818181818
30105.0,0.021087680355160933
30107.0,0.044444444444444446
30109.0,0.049586776859504134
30111.0,0.015138677060385245
31001.0,0.015369194787838289
31003.0,0.013059701492537313
31005.0,0.045454545454545456
31007.0,0.0
31009.0,0.0
31011.0,0.008547008547008548
31013.0,0.011652542372881356
31015.0,0.017045454545454544
31017.0,0.00909090909090909
31019.0,0.01050534323492121
31021.0,0.01788375558867362
31023.0,0.014018691588785047
31025.0,0.006352765321375187
31027.0,0.015463917525773196
31029.0,0.01079913606911447
31031.0,0.023255813953488372
31033.0,0.019189765458422176
31035.0,0.015580736543909348
31037.0,0.013166144200626959
31039.0,0.014204545454545454
31041.0,0.022300469483568074
31043.0,0.019825918762088973
31045.0,0.025367156208277702
31047.0,0.010734072022160665
31049.0,0.018691588785046728
31051.0,0.014729950900163666
31053.0,0.01248992747784045
31055.0,0.010071081806674178
31057.0,0.021621621621621623
31059.0,0.01972386587771203
31061.0,0.01652892561983471
31063.0,0.005154639175257732
31065.0,0.00984251968503937
31067.0,0.008683729433272395
31069.0,0.008771929824561403
31071.0,0.026143790849673203
31073.0,0.026737967914438502
31075.0,0.0975609756097561
31077.0,0.009345794392523364
31079.0,0.015003178639542276
31081.0,0.018556701030927835
31083.0,0.0
31085.0,0.0
31087.0,0.0196078431372549
31089.0,0.018497109826589597
31091.0,0.037037037037037035
31093.0,0.03041144901610018
31095.0,0.0014947683109118087
31097.0,0.013996889580093312
31099.0,0.00723589001447178
31101.0,0.013831258644536652
31103.0,0.0
31105.0,0.018912529550827423
31107.0,0.013513513513513514
31109.0,0.0075632388458116186
31111.0,0.015487867836861126
31113.0,0.0
31115.0,0.0
31117.0,0.03333333333333333
31119.0,0.009916610322289835
31121.0,0.01903553299492386
31123.0,0.029239766081871343
31125.0,0.024154589371980676
31127.0,0.021551724137931036
31129.0,0.02534562211981567
31131.0,0.006788866259334691
31133.0,0.004273504273504274
31135.0,0.03741496598639456
31137.0,0.00998003992015968
31139.0,0.03115264797507788
31141.0,0.012042389210019268
31143.0,0.03076923076923077
31145.0,0.012355848434925865
31147.0,0.025745257452574527
31149.0,0.0196078431372549
31151.0,0.001466992665036675
31153.0,0.005775794171698608
31155.0,0.006314127861089187
31157.0,0.020600858369098713
31159.0,0.016280217069560926
31161.0,0.035849056603773584
31163.0,0.018867924528301886
31165.0,0.0
31167.0,0.029490616621983913
31169.0,0.008064516129032258
31171.0,0.018867924528301886
31173.0,0.014150943396226415
31175.0,0.012121212121212121
31177.0,0.011373976342129208
31179.0,0.007339449541284404
31181.0,0.017902813299232736
31183.0,0.0
31185.0,0.007323943661971831
32001.0,0.023603082851637765
32003.0,0.01752618616069835
32005.0,0.012219959266802444
32007.0,0.011106703689012296
32009.0,0.0
32011.0,0.0
32013.0,0.011676396997497914
32015.0,0.019189765458422176
32017.0,0.008287292817679558
32019.0,0.019981555487242546
32021.0,0.022653721682847898
32023.0,0.036205162587998656
32027.0,0.02063983488132095
32029.0,0.02702702702702703
32031.0,0.01483466213566854
32033.0,0.0096
32510.0,0.01892840787666005
33001.0,0.024260067928190198
33003.0,0.004457050243111832
33005.0,0.008785529715762274
33007.0,0.020068526676456193
33009.0,0.006416584402764067
33011.0,0.017793004365364424
33013.0,0.012048192771084338
33015.0,0.010792552315043665
33017.0,0.00947198710197501
33019.0,0.013743815283122594
34001.0,0.02175153782738284
34003.0,0.027497339431069693
34005.0,0.019377037305324158
34007.0,0.023554372842347526
34009.0,0.02264808362369338
34011.0,0.025549579045837233
34013.0,0.031564978356346175
34015.0,0.020999180999180998
34017.0,0.026022177992607337
34019.0,0.017986714358712314
34021.0,0.027997529629738553
34023.0,0.025592365667190805
34025.0,0.021507085154284202
34027.0,0.024627789087135272
34029.0,0.028431579502876142
34031.0,0.02640205181659832
34033.0,0.03042262785726032
34035.0,0.02809867829676732
34037.0,0.0217313603545643
34039.0,0.027558282896211612
34041.0,0.02376892989670043
35001.0,0.0161400512382579
35003.0,0.05263157894736842
35005.0,0.018478495785606223
35006.0,0.03497884344146685
35007.0,0.05100956429330499
35009.0,0.01598173515981735
35011.0,0.011627906976744186
35013.0,0.01941129673826571
35015.0,0.02019761697181052
35017.0,0.02363112391930836
35019.0,0.01601164483260553
35021.0,0.08333333333333333
35023.0,0.024725274725274724
35025.0,0.021467688937568456
35027.0,0.010882016036655211
35028.0,0.011299435028248588
35029.0,0.02738095238095238
35031.0,0.0386203546271557
35033.0,0.040697674418604654
35035.0,0.01491669895389384
35037.0,0.019267822736030827
35039.0,0.020635351615530817
35041.0,0.029338637493784188
35043.0,0.019772614928324272
35045.0,0.031421382024646755
35047.0,0.012345679012345678
35049.0,0.013748597081930415
35051.0,0.06683804627249357
35053.0,0.045351473922902494
35055.0,0.03139810426540284
35057.0,0.012987012987012988
35059.0,0.02358490566037736
35061.0,0.016303583977512297
36001.0,0.01436222005842259
36003.0,0.024328147100424326
36007.0,0.019551869007863838
36009.0,0.01558942021369767
36011.0,0.014559265706599146
36013.0,0.016029593094944512
36015.0,0.01747799067840497
36017.0,0.021870503597122302
36019.0,0.006829470198675497
36021.0,0.02570439940682155
36023.0,0.01540436456996149
36025.0,0.015697921086126432
36027.0,0.0151293645666882
36029.0,0.02010005260036037
36031.0,0.016270337922403004
36033.0,0.004705882352941176
36035.0,0.020672421626533394
36037.0,0.02285293033542204
36039.0,0.022954679223072396
36041.0,0.006389776357827476
36043.0,0.02068832173240526
36045.0,0.011171348776080172
36049.0,0.012893982808022923
36051.0,0.013336296954878863
36053.0,0.01957765068191817
36055.0,0.016059863469280587
36057.0,0.0291833372558249
36059.0,0.017297261903462726
36063.0,0.018558351258066128
36065.0,0.0227414053477836
36067.0,0.017423851316468765
36069.0,0.012581168831168832
36071.0,0.014915465200705321
36073.0,0.026688102893890675
36075.0,0.012002110261144817
36077.0,0.0136271383009568
36079.0,0.008691544638639585
36083.0,0.01268423403305047
36087.0,0.016045062729367586
36089.0,0.014510278113663845
36091.0,0.010967489228358794
36093.0,0.015416160388821385
36095.0,0.010065127294256957
36097.0,0.013257575757575758
36099.0,0.027944111776447105
36101.0,0.020682672837720566
36103.0,0.016912739634529304
36105.0,0.011142900165637706
36107.0,0.016320084232692815
36109.0,0.012006465019625953
36111.0,0.018443804034582133
36113.0,0.015637860082304528
36115.0,0.01782304264799491
36117.0,0.011832260309726814
36119.0,0.01764810421962772
36121.0,0.014549524342473419
36123.0,0.022071307300509338
37001.0,0.015284190415538928
37003.0,0.018995929443690638
37005.0,0.00463821892393321
37007.0,0.02106472615855994
37009.0,0.018730013704888075
37011.0,0.009298000929800094
37013.0,0.020616365568544102
37015.0,0.02464985994397759
37017.0,0.01254855094114132
37019.0,0.01650841605524385
37021.0,0.01846496106785317
37023.0,0.015783204288266826
37025.0,0.011727030806007848
37027.0,0.011637748624629707
37029.0,0.007309941520467836
37031.0,0.010921632496646867
37033.0,0.013260173754000914
37035.0,0.015596423491160333
37037.0,0.01898333684876608
37039.0,0.012996941896024464
37041.0,0.015488215488215488
37043.0,0.022641509433962263
37045.0,0.019592611772829276
37047.0,0.02366771159874608
37049.0,0.01359677076694285
37051.0,0.01049833439886941
37053.0,0.010165184243964422
37055.0,0.004653327128897162
37057.0,0.011418091463053896
37059.0,0.009386281588447653
37061.0,0.02164638963501343
37063.0,0.008934814699712532
37065.0,0.019957612151183326
37067.0,0.010622030473485884
37069.0,0.007251528508460116
37071.0,0.016249907249387845
37073.0,0.017356475300400534
37075.0,0.01932367149758454
37077.0,0.013840253460063364
37079.0,0.01971476510067114
37081.0,0.014776795877398125
37083.0,0.019801980198019802
37085.0,0.014882704111662322
37087.0,0.021524663677130046
37089.0,0.015659955257270694
37091.0,0.030303030303030304
37093.0,0.011589403973509934
37095.0,0.013392857142857142
37097.0,0.01146416793173847
37099.0,0.015435501653803748
37101.0,0.010172108441941783
37103.0,0.031425364758698095
37105.0,0.01326564035375041
37107.0,0.019236986744261234
37109.0,0.008401719421649082
37111.0,0.011902512752692235
37113.0,0.012678288431061807
37115.0,0.026168224299065422
37117.0,0.01971954425942156
37119.0,0.008542793229175841
37121.0,0.010854816824966078
37123.0,0.02864816472694718
37125.0,0.021269487750556794
37127.0,0.016672396012375388
37129.0,0.008644198610753795
37131.0,0.03169572107765452
37133.0,0.00850165468446879
37135.0,0.011786672890652352
37137.0,0.011607142857142858
37139.0,0.024496937882764653
37141.0,0.012497735917406267
37143.0,0.01171875
37145.0,0.020579710144927536
37147.0,0.004738166921672178
37149.0,0.019385026737967916
37151.0,0.015192370930614929
37153.0,0.020464135021097046
37155.0,0.014762361977916466
37157.0,0.015807736794756458
37159.0,0.017923036373220874
37161.0,0.02874493927125506
37163.0,0.014096806387225548
37165.0,0.022568093385214007
37167.0,0.016923465521596362
37169.0,0.019157088122605363
37171.0,0.019830366742324693
37173.0,0.014742014742014743
37175.0,0.013704318936877076
37177.0,0.018575851393188854
37179.0,0.009109311740890687
37181.0,0.017448856799037304
37183.0,0.008232521251521956
37185.0,0.011068068622025456
37187.0,0.027777777777777776
37189.0,0.0064089311556750055
37191.0,0.02166637308437555
37193.0,0.016812865497076022
37195.0,0.01829704589594194
37197.0,0.01240272373540856
37199.0,0.017114914425427872
38001.0,0.011111111111111112
38003.0,0.021846370683579985
38005.0,0.01725703905540418
38007.0,0.0
38009.0,0.027739251040221916
38011.0,0.012376237623762377
38013.0,0.008064516129032258
38015.0,0.012117026619789051
38017.0,0.008467023172905526
38019.0,0.011574074074074073
38021.0,0.04130162703379224
38023.0,0.0106951871657754
38025.0,0.017994858611825194
38027.0,0.012738853503184714
38029.0,0.029953917050691243
38031.0,0.03166666666666667
38033.0,0.011538461538461539
38035.0,0.007298587068400861
38037.0,0.03317535545023697
38039.0,0.00909090909090909
38041.0,0.012048192771084338
38043.0,0.03663003663003663
38045.0,0.03165735567970205
38047.0,0.03773584905660377
38049.0,0.03533026113671275
38051.0,0.020172910662824207
38053.0,0.009193776520509194
38055.0,0.024124513618677044
38057.0,0.00864304235090752
38059.0,0.01898496240601504
38061.0,0.013167520117044623
38063.0,0.031315240083507306
38065.0,0.0189873417721519
38067.0,0.01338199513381995
38069.0,0.04553734061930783
38071.0,0.017391304347826087
38073.0,0.024355300859598854
38075.0,0.04361370716510903
38077.0,0.008399209486166008
38079.0,0.012956964368347987
38081.0,0.014
38083.0,0.01639344262295082
38085.0,0.01804511278195489
38087.0,0.0
38089.0,0.010363747205852468
38091.0,0.010362694300518135
38093.0,0.02288135593220339
38095.0,0.03374233128834356
38097.0,0.017159199237368923
38099.0,0.014121338912133892
38101.0,0.01978998384491115
38103.0,0.017467248908296942
38105.0,0.008056394763343404
39001.0,0.022746071133167907
39003.0,0.019981451816878847
39005.0,0.021889400921658985
39007.0,0.02525395033860045
39009.0,0.011481056257175661
39011.0,0.01981981981981982
39013.0,0.02842672765887927
39015.0,0.015234765234765234
39017.0,0.015386201386562203
39019.0,0.02460276781137878
39021.0,0.01694915254237288
39023.0,0.023660305612280826
39025.0,0.01246758428086974
39027.0,0.017488076311605722
39029.0,0.025486922648859208
39031.0,0.022039596563317145
39033.0,0.027383619616629325
39035.0,0.018960021539557222
39037.0,0.023694927804516847
39039.0,0.023698884758364312
39041.0,0.007254881041288809
39043.0,0.02289126648420005
39045.0,0.012300793795067563
39047.0,0.017562346329469618
39049.0,0.011239289870580241
39051.0,0.016480965645311048
39053.0,0.020894274968658588
39055.0,0.02199091042369154
39057.0,0.016166129986199644
39059.0,0.016449410304158908
39061.0,0.015244090600506079
39063.0,0.01873837791446145
39065.0,0.023713973002553814
39067.0,0.032570422535211266
39069.0,0.02457813646368305
39071.0,0.018141222439296677
39073.0,0.028258887876025523
39075.0,0.03877703206562267
39077.0,0.021984011627906978
39079.0,0.017721518987341773
39081.0,0.027591085956844712
39083.0,0.024352786309784994
39085.0,0.01816457197059521
39087.0,0.01813380281690141
39089.0,0.013127785137901964
39091.0,0.01966364812419146
39093.0,0.01939503173732466
39095.0,0.018656284039027554
39097.0,0.01468262932008132
39099.0,0.02668886988613349
39101.0,0.016005567153792623
39103.0,0.017314624098867148
39105.0,0.027137042062415198
39107.0,0.02076907258893687
39109.0,0.02054224114000185
39111.0,0.03175775480059084
39113.0,0.019676080845937624
39115.0,0.031135531135531136
39117.0,0.013755158184319119
39119.0,0.015209553853086977
39121.0,0.03106508875739645
39123.0,0.021780048400107554
39125.0,0.023295454545454546
39127.0,0.01682935038707506
39129.0,0.014128546612623047
39131.0,0.014462809917355372
39133.0,0.016086197738826923
39135.0,0.026569419119562385
39137.0,0.023782036481182173
39139.0,0.018251016348066775
39141.0,0.02298352124891587
39143.0,0.02280250091945568
39145.0,0.016129032258064516
39147.0,0.0232427366447985
39149.0,0.019852164730728615
39151.0,0.027788673324683946
39153.0,0.02050345528877083
39155.0,0.02899167325107883
39157.0,0.028724270263984185
39159.0,0.00893317299433087
39161.0,0.025963488843813387
39163.0,0.0199764982373678
39165.0,0.012353732621192971
39167.0,0.02064003029729218
39169.0,0.024234412866270105
39171.0,0.022523823274617383
39173.0,0.014630467571644042
39175.0,0.023890784982935155
40001.0,0.013471177944862155
40003.0,0.006055363321799308
40005.0,0.013851891315929675
40007.0,0.012605042016806723
40009.0,0.020013802622498276
40011.0,0.019102196752626553
40013.0,0.012732615083251714
40015.0,0.024132730015082957
40017.0,0.010650546919976972
40019.0,0.02025931928687196
40021.0,0.013827335578798085
40023.0,0.016666666666666666
40025.0,0.009345794392523364
40027.0,0.01385023830086684
40029.0,0.02142857142857143
40031.0,0.013965480197665258
40033.0,0.02302158273381295
40035.0,0.009027081243731194
40037.0,0.023401826484018264
40039.0,0.02547146705853539
40041.0,0.020106951871657754
40043.0,0.025362318840579712
40045.0,0.01680672268907563
40047.0,0.01779086138487137
40049.0,0.021823204419889504
40051.0,0.02157190635451505
40053.0,0.012750455373406194
40055.0,0.037606837606837605
40057.0,0.01834862385321101
40059.0,0.01904761904761905
40061.0,0.013556618819776715
40063.0,0.023349436392914653
40065.0,0.017891373801916934
40067.0,0.022727272727272728
40069.0,0.026792179580014484
40071.0,0.023992502343017807
40073.0,0.019922254616132166
40075.0,0.031746031746031744
40077.0,0.015439429928741092
40079.0,0.011945088251025138
40081.0,0.02214022140221402
40083.0,0.014876801487680148
40085.0,0.014627659574468085
40087.0,0.013716647876738068
40089.0,0.023360964581763375
40091.0,0.030303030303030304
40093.0,0.025078369905956112
40095.0,0.01123046875
40097.0,0.016933207902163686
40099.0,0.021739130434782608
40101.0,0.018795386586928663
40103.0,0.014492753623188406
40105.0,0.01737619461337967
40107.0,0.017827298050139277
40109.0,0.014881156635325875
40111.0,0.021215295966474593
40113.0,0.01635563011113441
40115.0,0.017534942820838628
40117.0,0.02905027932960894
40119.0,0.008729611762003216
40121.0,0.01675977653631285
40123.0,0.015321955003878975
40125.0,0.015600809813028462
40127.0,0.021739130434782608
40129.0,0.030690537084398978
40131.0,0.018255769958380626
40133.0,0.027092740534907955
40135.0,0.013500482160077145
40137.0,0.02147239263803681
40139.0,0.009620826259196379
40141.0,0.021170610211706103
40143.0,0.01475368510435048
40145.0,0.014812094503611213
40147.0,0.022510492178557804
40149.0,0.021159153633854646
40151.0,0.014913007456503728
40153.0,0.011356466876971609
41001.0,0.015353121801432957
41003.0,0.006864274570982839
41005.0,0.012392651375149473
41007.0,0.00791295746785361
41009.0,0.015735214324470972
41011.0,0.017233348858872847
41013.0,0.018151815181518153
41015.0,0.014858841010401188
41017.0,0.008138456783764294
41019.0,0.02152317880794702
41021.0,0.014084507042253521
41023.0,0.011194029850746268
41025.0,0.02030456852791878
41027.0,0.026512013256006627
41029.0,0.012830722944872135
41031.0,0.01633705932932072
41033.0,0.02062446290461186
41035.0,0.015525308379413016
41037.0,0.01511879049676026
41039.0,0.011413003460717178
41041.0,0.01496792587312901
41043.0,0.014301634472511144
41045.0,0.01761744966442953
41047.0,0.013893123121815253
41049.0,0.014096916299559472
41051.0,0.01578549848942598
41053.0,0.014138817480719794
41055.0,0.015625
41057.0,0.006015037593984963
41059.0,0.010187159440890783
41061.0,0.016304347826086956
41063.0,0.026455026455026454
41065.0,0.019649122807017545
41067.0,0.009166319457596304
41069.0,0.029411764705882353
41071.0,0.016748980030062272
42001.0,0.019192656722645248
42003.0,0.019573813491633056
42005.0,0.024243437552248788
42007.0,0.024864024864024864
42009.0,0.02965191233347658
42011.0,0.021526622296173047
42013.0,0.02520446096654275
42015.0,0.014824575852413112
42017.0,0.02152506309070216
42019.0,0.02382448723076044
42021.0,0.029471960704052395
42023.0,0.026402640264026403
42025.0,0.026853015075376883
42027.0,0.013280369953162981
42029.0,0.020058010913917703
42031.0,0.028894472361809045
42033.0,0.017095011047796257
42035.0,0.017915309446254073
42037.0,0.022707870923681064
42039.0,0.02034805890227577
42041.0,0.025637262096971477
42043.0,0.021246295369693236
42045.0,0.02772349312181477
42047.0,0.013961605584642234
42049.0,0.01974558572242263
42051.0,0.024404986777483945
42053.0,0.01465457083042568
42055.0,0.02412623891497131
42057.0,0.011037527593818985
42059.0,0.012080942313500454
42061.0,0.025806451612903226
42063.0,0.027646874018221804
42065.0,0.0297029702970297
42067.0,0.04076850984067479
42069.0,0.025679921985047136
42071.0,0.020931117594824307
42073.0,0.027774121363696197
42075.0,0.01804427357847089
42077.0,0.021581826891561406
42079.0,0.025583074363562167
42081.0,0.024156215806750272
42083.0,0.01899736147757256
42085.0,0.02691188694929343
42087.0,0.03294466037386637
42089.0,0.02168003262199266
42091.0,0.02452553079237427
42093.0,0.03325062034739454
42095.0,0.019936159489275913
42097.0,0.03698715292167427
42099.0,0.026096033402922755
42101.0,0.024048827196279335
42103.0,0.013510132599449587
42105.0,0.019409282700421943
42107.0,0.027689175432643365
42109.0,0.023205023205023205
42111.0,0.026611694152923537
42113.0,0.04597701149425287
42115.0,0.023467070401211203
42117.0,0.035213563743071406
42119.0,0.01435562805872757
42121.0,0.023587223587223587
42123.0,0.039253048780487805
42125.0,0.016967245350862407
42127.0,0.019464720194647202
42129.0,0.022509073878936893
42131.0,0.02727272727272727
42133.0,0.01754008393414398
44001.0,0.027852998065764023
44003.0,0.019457327149634843
44005.0,0.006065857885615251
44007.0,0.02002807768833766
44009.0,0.017099115220200814
45001.0,0.015775298191612157
45003.0,0.013070030249414989
45005.0,0.016877637130801686
45007.0,0.02271062271062271
45009.0,0.032015065913371
45011.0,0.021923076923076924
45013.0,0.012241550986938441
45015.0,0.011232815468872248
45017.0,0.027694610778443114
45019.0,0.011657883329911254
45021.0,0.025345247766043865
45023.0,0.0178027641133755
45025.0,0.021481178396072012
45027.0,0.03293845709332563
45029.0,0.03507340946166395
45031.0,0.020891690009337067
45033.0,0.019305019305019305
45035.0,0.012183744031611876
45037.0,0.013902053712480253
45039.0,0.03439701616245338
45041.0,0.023476802683063163
45043.0,0.020667257159728374
45045.0,0.01356166569164495
45047.0,0.020893719806763286
45049.0,0.026929052304505437
45051.0,0.014760053857683612
45053.0,0.01946975973487987
45055.0,0.018668078909042766
45057.0,0.015513126491646777
45059.0,0.023063591521130515
45061.0,0.03321224701608718
45063.0,0.01454308016501944
45065.0,0.027184466019417475
45067.0,0.030251625671473
45069.0,0.01616161616161616
45071.0,0.020763956904995103
45073.0,0.013715330691862237
45075.0,0.025583982202447165
45077.0,0.015872181636621643
45079.0,0.012104125153686352
45081.0,0.027838427947598252
45083.0,0.01962846964879145
45085.0,0.019883931119779277
45087.0,0.026515151515151516
45089.0,0.024354603019970774
45091.0,0.012096521466624882
46003.0,0.03368421052631579
46005.0,0.013490725126475547
46007.0,0.02295918367346939
46009.0,0.0180064308681672
46011.0,0.008744977546679272
46013.0,0.016864903248712943
46015.0,0.01394700139470014
46017.0,0.03051643192488263
46019.0,0.018484288354898338
46021.0,0.030534351145038167
46023.0,0.015907447577729574
46025.0,0.01293103448275862
46027.0,0.008285862247540134
46029.0,0.017641996557659207
46031.0,0.02494802494802495
46033.0,0.013714285714285714
46035.0,0.020647149460708784
46037.0,0.04090267983074753
46039.0,0.01694915254237288
46041.0,0.01966101694915254
46043.0,0.01978021978021978
46045.0,0.02729044834307992
46047.0,0.026533996683250415
46049.0,0.03494623655913978
46051.0,0.039735099337748346
46053.0,0.051194539249146756
46055.0,0.03759398496240601
46057.0,0.04881101376720901
46059.0,0.016483516483516484
46061.0,0.010309278350515464
46063.0,0.010309278350515464
46065.0,0.01625693893735131
46067.0,0.030434782608695653
46069.0,0.0070921985815602835
46071.0,0.048109965635738834
46073.0,0.05693950177935943
46075.0,0.010638297872340425
46077.0,0.02197802197802198
46079.0,0.014419610670511895
46081.0,0.015645805592543277
46083.0,0.008953168044077135
46085.0,0.016717325227963525
46087.0,0.030902348578491966
46089.0,0.016194331983805668
46091.0,0.015957446808510637
46093.0,0.011119081779053085
46095.0,0.007662835249042145
46097.0,0.03257328990228013
46099.0,0.011447131910062754
46101.0,0.029985007496251874
46102.0,0.02311320754716981
46103.0,0.014372381915354615
46105.0,0.03899721448467967
46107.0,0.01020408163265306
46109.0,0.029796511627906978
46111.0,0.008695652173913044
46115.0,0.030805687203791468
46117.0,0.005649717514124294
46119.0,0.020689655172413793
46121.0,0.02593192868719611
46123.0,0.022486772486772486
46125.0,0.04826418289585097
46127.0,0.019299820466786355
46129.0,0.02072538860103627
46135.0,0.010932475884244373
46137.0,0.02616279069767442
47001.0,0.01946141661009278
47003.0,0.01984732824427481
47005.0,0.024955436720142603
47007.0,0.005020538566864446
47009.0,0.012536778815402327
47011.0,0.01005851028860693
47013.0,0.014989293361884369
47015.0,0.016520392359318535
47017.0,0.022950819672131147
47019.0,0.023710110348941247
47021.0,0.012155415671803777
47023.0,0.023469857340082834
47025.0,0.0231105559025609
47027.0,0.028079710144927536
47029.0,0.022026431718061675
47031.0,0.017972681524083392
47033.0,0.023972602739726026
47035.0,0.020210896309314587
47037.0,0.009578235672891178
47039.0,0.024314214463840397
47041.0,0.01910828025477707
47043.0,0.01649782923299566
47045.0,0.019600659461439823
47047.0,0.016088389222717582
47049.0,0.019656019656019656
47051.0,0.01757435303205871
47053.0,0.022215505516094906
47055.0,0.025074478649453825
47057.0,0.018839487565938208
47059.0,0.019919819594086695
47061.0,0.019476905954368393
47063.0,0.020134228187919462
47065.0,0.0111047206123081
47067.0,0.01990049751243781
47069.0,0.018309859154929577
47071.0,0.018883643432379894
47073.0,0.017794725135049254
47075.0,0.022827687776141383
47077.0,0.020052083333333335
47079.0,0.023384615384615386
47081.0,0.01605584642233857
47083.0,0.029756537421100092
47085.0,0.014965259219668627
47087.0,0.027047332832456798
47089.0,0.019894954639503422
47091.0,0.015990159901599015
47093.0,0.012245601931700587
47095.0,0.015151515151515152
47097.0,0.014823965410747375
47099.0,0.01523431031627753
47101.0,0.016341923318667503
47103.0,0.015317786922725195
47105.0,0.011250401800064288
47107.0,0.015309989389116265
47109.0,0.018900945047252364
47111.0,0.021393307734503566
47113.0,0.021215043394406944
47115.0,0.014906438312718047
47117.0,0.013971110584892256
47119.0,0.012788475672497428
47121.0,0.01775568181818182
47123.0,0.016357504215851602
47125.0,0.011039336675665253
47127.0,0.016666666666666666
47129.0,0.015445544554455445
47131.0,0.02113289760348584
47133.0,0.02010547132498352
47135.0,0.0260950605778192
47137.0,0.031413612565445025
47139.0,0.011853959222380275
47141.0,0.01549982584465343
47143.0,0.017111567419575632
47145.0,0.016538037486218304
47147.0,0.013409183258837871
47149.0,0.010182269519847381
47151.0,0.014097744360902255
47153.0,0.016647531572904706
47155.0,0.013034140561356735
47157.0,0.0169687035181981
47159.0,0.01430615164520744
47161.0,0.020618556701030927
47163.0,0.017666201766620176
47165.0,0.014474874578501521
47167.0,0.014103425117528543
47169.0,0.008761449621664676
47171.0,0.023890784982935155
47173.0,0.01742696053305997
47175.0,0.026744186046511628
47177.0,0.014917325664989217
47179.0,0.016941144708423325
47181.0,0.011760752688172043
47183.0,0.01597139451728248
47185.0,0.019956850053937433
47187.0,0.007703452418813385
47189.0,0.012597763896908299
48001.0,0.020395053797976553
48003.0,0.02558519324986391
48005.0,0.03276041065866882
48007.0,0.03251387787470262
48009.0,0.014796547472256474
48011.0,0.028708133971291867
48013.0,0.025724575544503515
48015.0,0.01683348498635123
48017.0,0.022565320665083134
48019.0,0.0196078431372549
48021.0,0.00997298981923956
48023.0,0.043478260869565216
48025.0,0.020762229806598406
48027.0,0.01917469293982504
48029.0,0.015961909181779237
48031.0,0.026420079260237782
48033.0,0.06451612903225806
48035.0,0.020722320899940794
48037.0,0.03111361396592989
48039.0,0.013638743455497383
48041.0,0.009188583004738994
48043.0,0.01639344262295082
48045.0,0.03550295857988166
48047.0,0.04342581423401689
48049.0,0.03222040625729629
48051.0,0.0196319018404908
48053.0,0.013721413721413722
48055.0,0.017126878713736457
48057.0,0.0102880658436214
48059.0,0.03316749585406302
48061.0,0.04028177878912586
48063.0,0.034782608695652174
48065.0,0.025688073394495414
48067.0,0.04217479674796748
48069.0,0.03137254901960784
48071.0,0.0095535192045233
48073.0,0.03327085285848173
48075.0,0.012168933428775949
48077.0,0.015444015444015444
48079.0,0.04672897196261682
48081.0,0.02754237288135593
48083.0,0.043941411451398134
48085.0,0.00912358912162236
48087.0,0.027190332326283987
48089.0,0.01834862385321101
48091.0,0.029595588235294117
48093.0,0.03265044814340589
48095.0,0.016877637130801686
48097.0,0.019022457067371202
48099.0,0.011750239103702691
48101.0,0.03664921465968586
48103.0,0.02030456852791878
48105.0,0.025466893039049237
48107.0,0.043478260869565216
48109.0,0.03021978021978022
48111.0,0.02610441767068273
48113.0,0.013448290630672778
48115.0,0.039677975848188614
48117.0,0.023377529658060014
48119.0,0.03715170278637771
48121.0,0.010034497684851188
48123.0,0.030506721820062047
48125.0,0.05291005291005291
48127.0,0.015604681404421327
48129.0,0.035629453681710214
48131.0,0.03218210361067504
48133.0,0.036683785766691124
48135.0,0.021624412068372147
48137.0,0.023715415019762844
48139.0,0.013775775428868481
48141.0,0.019965927949361882
48143.0,0.01657589391427895
48145.0,0.015216357584403234
48147.0,0.031169573920503287
48149.0,0.024399126001456665
48151.0,0.04590163934426229
48153.0,0.033783783783783786
48155.0,0.08064516129032258
48157.0,0.0099218149378436
48159.0,0.03523035230352303
48161.0,0.0254323499491353
48163.0,0.017651052274270197
48165.0,0.030199039121482498
48167.0,0.01060070671378092
48169.0,0.043222003929273084
48171.0,0.01966075558982267
48173.0,0.017094017094017096
48175.0,0.02748414376321353
48177.0,0.020689655172413793
48179.0,0.024111675126903553
48181.0,0.030116238112011272
48183.0,0.031580804516584335
48185.0,0.01884288747346072
48187.0,0.014337389016770799
48189.0,0.025324675324675326
48191.0,0.028282828282828285
48193.0,0.03443877551020408
48195.0,0.027114967462039046
48197.0,0.031331592689295036
48199.0,0.01902997642303806
48201.0,0.016100860855373805
48203.0,0.022321428571428572
48205.0,0.003048780487804878
48207.0,0.05908096280087528
48209.0,0.012015448433700473
48211.0,0.0034129692832764505
48213.0,0.031923784054822
48215.0,0.03220113703633378
48217.0,0.024029982363315695
48219.0,0.035517241379310345
48221.0,0.01985450136404971
48223.0,0.035635446231472724
48225.0,0.030136986301369864
48227.0,0.021595039555270472
48229.0,0.022304832713754646
48231.0,0.02871205906480722
48233.0,0.03374524714828897
48235.0,0.0078125
48237.0,0.026272577996715927
48239.0,0.016630901287553648
48241.0,0.034023668639053255
48243.0,0.026041666666666668
48245.0,0.02192694386904461
48247.0,0.025889967637540454
48249.0,0.024232633279483037
48251.0,0.018512032821333867
48253.0,0.019826964671953856
48255.0,0.016114982578397212
48257.0,0.015944073097442817
48259.0,0.021498954911914003
48261.0,0.05128205128205128
48263.0,0.018867924528301886
48265.0,0.019457804984696108
48267.0,0.021052631578947368
48269.0,0.0
48271.0,0.017094017094017096
48273.0,0.034923019151333085
48275.0,0.059233449477351915
48277.0,0.026440677966101694
48279.0,0.03510998307952622
48281.0,0.014993184915947297
48283.0,0.027462121212121212
48285.0,0.030182684670373314
48287.0,0.0175834084761046
48289.0,0.026060606060606062
48291.0,0.023513311769096792
48293.0,0.028409090909090908
48295.0,0.03428571428571429
48297.0,0.019332161687170474
48299.0,0.03075103489059728
48301.0,0.0
48303.0,0.016044080706587797
48305.0,0.03685897435897436
48307.0,0.032534246575342464
48309.0,0.017305808511410226
48311.0,0.05952380952380952
48313.0,0.015105740181268883
48315.0,0.06077348066298342
48317.0,0.0297339593114241
48319.0,0.01411764705882353
48321.0,0.0269694819020582
48323.0,0.03406372595923835
48325.0,0.020588235294117647
48327.0,0.04265402843601896
48329.0,0.015360289134854304
48331.0,0.019178082191780823
48333.0,0.031914893617021274
48335.0,0.05090311986863711
48337.0,0.034123222748815164
48339.0,0.010787150653822204
48341.0,0.026497277676951
48343.0,0.03733031674208145
48345.0,0.06837606837606838
48347.0,0.037383177570093455
48349.0,0.026168224299065422
48351.0,0.05459770114942529
48353.0,0.03300970873786408
48355.0,0.019145394006659266
48357.0,0.02274641954507161
48359.0,0.013745704467353952
48361.0,0.01719986240110079
48363.0,0.02610786671246994
48365.0,0.045871559633027525
48367.0,0.01151439299123905
48369.0,0.027777777777777776
48371.0,0.020226055919095775
48373.0,0.03541912632821724
48375.0,0.0260250569476082
48377.0,0.029304029304029304
48379.0,0.03198031980319803
48381.0,0.017955230051385034
48383.0,0.02077922077922078
48385.0,0.038338658146964855
48387.0,0.054285714285714284
48389.0,0.022407503908285567
48391.0,0.033823529411764704
48393.0,0.015873015873015872
48395.0,0.019724770642201836
48397.0,0.013430282292557742
48399.0,0.028985507246376812
48401.0,0.026232693709011417
48403.0,0.0734094616639478
48405.0,0.05517241379310345
48407.0,0.028655400440852314
48409.0,0.034193840579710144
48411.0,0.02781136638452237
48413.0,0.024489795918367346
48415.0,0.01833776989056492
48417.0,0.018115942028985508
48419.0,0.0397196261682243
48421.0,0.05106382978723404
48423.0,0.023570173726332227
48425.0,0.012915129151291513
48427.0,0.03128269512450303
48429.0,0.03194103194103194
48431.0,0.037037037037037035
48433.0,0.03821656050955414
48435.0,0.016701461377870562
48437.0,0.02011173184357542
48439.0,0.013467794155398803
48441.0,0.02581496137177313
48443.0,0.025
48445.0,0.03292181069958848
48447.0,0.0684931506849315
48449.0,0.022411953041622197
48451.0,0.01596971668539658
48453.0,0.012250984134558034
48455.0,0.03270440251572327
48457.0,0.029166666666666667
48459.0,0.022665457842248413
48461.0,0.026246719160104987
48463.0,0.020016680567139282
48465.0,0.029415477843706603
48467.0,0.0272789270288702
48469.0,0.02408181218385749
48471.0,0.014812302125734962
48473.0,0.011605873993368073
48475.0,0.019867549668874173
48477.0,0.022607022607022607
48479.0,0.019036193666674212
48481.0,0.027559990496555
48483.0,0.01936619718309859
48485.0,0.02490421455938697
48487.0,0.028526970954356846
48489.0,0.02893368010403121
48491.0,0.010259156136217605
48493.0,0.014967462039045552
48495.0,0.02727272727272727
48497.0,0.0163050801778736
48499.0,0.037197231833910036
48501.0,0.030821917808219176
48503.0,0.020623281393217233
48505.0,0.020190689848569827
48507.0,0.022957821676454885
49001.0,0.00878293601003764
49003.0,0.009386281588447653
49005.0,0.002880254933202598
49007.0,0.010131108462455305
49009.0,0.0
49011.0,0.004434361142621429
49013.0,0.006823351023502654
49015.0,0.00949367088607595
49017.0,0.021321961620469083
49019.0,0.0039447731755424065
49021.0,0.005699916177703269
49023.0,0.009302325581395349
49025.0,0.008902077151335312
49027.0,0.009695290858725761
49029.0,0.00844205679201842
49031.0,0.02
49033.0,0.0
49035.0,0.005906787845113837
49037.0,0.01929092805005214
49039.0,0.005675954592363261
49041.0,0.006323396567299007
49043.0,0.002331002331002331
49045.0,0.005887862973370801
49047.0,0.008449669360764144
49049.0,0.0040804550325612065
49051.0,0.004697843262865684
49053.0,0.009726529461516776
49055.0,0.0
49057.0,0.007056451612903226
50001.0,0.007532956685499058
50003.0,0.007349338559529643
50005.0,0.0065237651444548
50007.0,0.013736996532408643
50009.0,0.006872852233676976
50011.0,0.019230769230769232
50013.0,0.009216589861751152
50015.0,0.003401360544217687
50017.0,0.0036809815950920245
50019.0,0.008560311284046693
50021.0,0.008791208791208791
50023.0,0.007932310946589107
50025.0,0.010130246020260492
50027.0,0.00878972278566599
51001.0,0.015024458420684835
51003.0,0.014307877952077228
51005.0,0.03587115666178624
51007.0,0.035830618892508145
51009.0,0.012491559756921
51011.0,0.016079158936301793
51013.0,0.016738590296848436
51015.0,0.01250211184321676
51017.0,0.04395604395604396
51019.0,0.01647272177724044
51021.0,0.014684287812041116
51023.0,0.014878621769772905
51025.0,0.018072289156626505
51027.0,0.0290736984448952
51029.0,0.014018691588785047
51031.0,0.01950471181240412
51033.0,0.01429108687476495
51035.0,0.02857142857142857
51036.0,0.031683168316831684
51037.0,0.02402745995423341
51041.0,0.015688367129135537
51043.0,0.020161290322580645
51045.0,0.018633540372670808
51047.0,0.013871105420401195
51049.0,0.01996007984031936
51051.0,0.018808777429467086
51053.0,0.02102803738317757
51057.0,0.012804097311139564
51059.0,0.014322629234784641
51061.0,0.014749262536873156
51063.0,0.026255707762557076
51065.0,0.010400416016640665
51067.0,0.01935325820676139
51069.0,0.0126347082868822
51071.0,0.01688411358403684
51073.0,0.02174877940523746
51075.0,0.01573187414500684
51077.0,0.023411371237458192
51079.0,0.013964313421256789
51081.0,0.01575299306868305
51083.0,0.027591085956844712
51085.0,0.02000731975112846
51087.0,0.024311944564068433
51089.0,0.026643747314138374
51091.0,0.009174311926605505
51093.0,0.021821631878557873
51095.0,0.015503875968992248
51097.0,0.019656019656019656
51099.0,0.011494252873563218
51101.0,0.010441767068273093
51103.0,0.023743016759776536
51105.0,0.020114942528735632
51107.0,0.009944909494168992
51109.0,0.01655795283492223
51111.0,0.01792573623559539
51113.0,0.025806451612903226
51115.0,0.019966722129783693
51117.0,0.028743028743028743
51119.0,0.034722222222222224
51121.0,0.010305992350191246
51125.0,0.014460511679644048
51127.0,0.011881188118811881
51131.0,0.04455445544554455
51133.0,0.028112449799196786
51135.0,0.02494802494802495
51137.0,0.01748095024652622
51139.0,0.027052681537731372
51141.0,0.031136857349746562
51143.0,0.014874551971326165
51145.0,0.008840353614144566
51147.0,0.015589179275561669
51149.0,0.008854454897620365
51153.0,0.011002068388857105
51155.0,0.022735743570629893
51157.0,0.008310249307479225
51159.0,0.009778357235984355
51161.0,0.0174446583253128
51163.0,0.02956298200514139
51165.0,0.01597069597069597
51167.0,0.01699346405228758
51169.0,0.031720430107526884
51171.0,0.030393053016453384
51173.0,0.03198653198653199
51175.0,0.028197381671701913
51177.0,0.012128981362784735
51179.0,0.007083515522518583
51181.0,0.02122641509433962
51183.0,0.018363939899833055
51185.0,0.019713745611666215
51187.0,0.019407894736842107
51191.0,0.022039671408535362
51193.0,0.019892884468247895
51195.0,0.03078817733990148
51197.0,0.030167597765363128
51199.0,0.014565677966101694
51510.0,0.011571923304333136
51520.0,0.02288620470438652
51530.0,0.024017467248908297
51540.0,0.014179104477611941
51550.0,0.014301951127107406
51570.0,0.035485747527632346
51580.0,0.022151898734177215
51590.0,0.03153656900022366
51595.0,0.06231454005934718
51600.0,0.03345070422535211
51610.0,0.02304147465437788
51620.0,0.028119507908611598
51630.0,0.01169864295741694
51640.0,0.045068027210884355
51650.0,0.016696369946534097
51660.0,0.014599661902566468
51670.0,0.02924420812761109
51678.0,0.027250206440957887
51680.0,0.019540667427991373
51683.0,0.010894761242466388
51685.0,0.009844134536505332
51690.0,0.04756022235948116
51700.0,0.016381916613935177
51710.0,0.014747779453661807
51720.0,0.024054982817869417
51730.0,0.021972406745017884
51735.0,0.017977528089887642
51740.0,0.02188183807439825
51750.0,0.008302583025830259
51760.0,0.015661524076671342
51770.0,0.022777973464835035
51775.0,0.022799817601459188
51790.0,0.027832222657781264
51800.0,0.02393483709273183
51810.0,0.011241541223587902
51820.0,0.015899581589958158
51830.0,0.01683937823834197
51840.0,0.016062884483937116
53001.0,0.010492700729927007
53003.0,0.019554956169925825
53005.0,0.012760551994918875
53007.0,0.009703196347031963
53009.0,0.008227374719521317
53011.0,0.010899073778345576
53013.0,0.04
53015.0,0.01482780612244898
53017.0,0.006751282743721307
53019.0,0.020942408376963352
53021.0,0.009287188442609938
53023.0,0.04032258064516129
53025.0,0.011807274804799086
53027.0,0.016482275908783022
53029.0,0.017308766052484645
53031.0,0.009615384615384616
53033.0,0.014486032300305544
53035.0,0.013275375939849624
53037.0,0.010810810810810811
53039.0,0.013563501849568433
53041.0,0.014913341394598953
53043.0,0.01631321370309951
53045.0,0.011954992967651195
53047.0,0.015378844711177795
53049.0,0.011351909184726523
53051.0,0.011194029850746268
53053.0,0.012621306782376983
53055.0,0.0
53057.0,0.012548753603527217
53059.0,0.005479452054794521
53061.0,0.01496316758747698
53063.0,0.014258163773862922
53065.0,0.012564991334488735
53067.0,0.01023238022377355
53069.0,0.007407407407407408
53071.0,0.012650948821161587
53073.0,0.01027576806123519
53075.0,0.011285122063565177
53077.0,0.014695994621073865
54001.0,0.019346230820547032
54003.0,0.009906439185470555
54005.0,0.018424689083371717
54007.0,0.0030643513789581204
54009.0,0.027790228597041687
54011.0,0.02064194170352728
54013.0,0.002688172043010753
54015.0,0.01855287569573284
54017.0,0.011146496815286623
54019.0,0.022424070394550098
54021.0,0.009153318077803204
54023.0,0.02235929067077872
54025.0,0.022703457911281873
54027.0,0.0178103719224725
54029.0,0.03451919690031701
54031.0,0.015424164524421594
54033.0,0.014061207609594707
54035.0,0.02850678733031674
54037.0,0.011129777404451912
54039.0,0.02266657982153325
54041.0,0.016548463356973995
54043.0,0.014790996784565916
54045.0,0.02942998760842627
54047.0,0.015605493133583021
54049.0,0.011142669871094604
54051.0,0.021862578080636002
54053.0,0.020117762512266928
54055.0,0.024645110410094637
54057.0,0.030272108843537416
54059.0,0.015578635014836795
54061.0,0.009410758207678322
54063.0,0.014321819713563605
54065.0,0.01715686274509804
54067.0,0.010752688172043012
54069.0,0.02006532897806813
54071.0,0.015299026425591099
54073.0,0.018808777429467086
54075.0,0.01764705882352941
54077.0,0.015980958857531452
54079.0,0.018907165815844205
54081.0,0.012888443362451669
54083.0,0.004651162790697674
54085.0,0.014627659574468085
54087.0,0.013824884792626729
54089.0,0.027283511269276393
54091.0,0.018341307814992026
54093.0,0.02018348623853211
54095.0,0.016260162601626018
54097.0,0.01804123711340206
54099.0,0.013257575757575758
54101.0,0.015037593984962405
54103.0,0.022496371552975326
54105.0,0.008888888888888889
54107.0,0.021904279564446696
54109.0,0.021213616181549086
55001.0,0.00972862263184844
55003.0,0.01148600143575018
55005.0,0.013930348258706468
55007.0,0.015527950310559006
55009.0,0.008243535998649524
55011.0,0.0049504950495049506
55013.0,0.015247776365946633
55015.0,0.008594229588704727
55017.0,0.012503256056264652
55019.0,0.01733477789815818
55021.0,0.011679079214624239
55023.0,0.010584958217270195
55025.0,0.007147763372542286
55027.0,0.015017804613717293
55029.0,0.010548523206751054
55031.0,0.012253917235837686
55033.0,0.00647693817468106
55035.0,0.010119595216191352
55037.0,0.025691699604743084
55039.0,0.009558291093410573
55041.0,0.02495201535508637
55043.0,0.01620491374803973
55045.0,0.006856829402084476
55047.0,0.01121951219512195
55049.0,0.006054960409874243
55051.0,0.05698005698005698
55053.0,0.010320678215997052
55055.0,0.013766690818755822
55057.0,0.008984725965858042
55059.0,0.017716640796445967
55061.0,0.013259668508287293
55063.0,0.006521579834395838
55065.0,0.005780346820809248
55067.0,0.021808268968650613
55069.0,0.028614916286149164
55071.0,0.010224719101123596
55073.0,0.013725370585005794
55075.0,0.015309376993408463
55077.0,0.017643352236925015
55078.0,0.013513513513513514
55079.0,0.01189085980718907
55081.0,0.008680923142070718
55083.0,0.013375295043273014
55085.0,0.02019407290847102
55087.0,0.00977226020215577
55089.0,0.010774701002047193
55091.0,0.007865168539325843
55093.0,0.008641479099678457
55095.0,0.012684549802453732
55097.0,0.009696969696969697
55099.0,0.005200594353640416
55101.0,0.015376689256132841
55103.0,0.011461318051575931
55105.0,0.011138411138411138
55107.0,0.013194444444444444
55109.0,0.006754682222904513
55111.0,0.009001768204468736
55113.0,0.015267175572519083
55115.0,0.015950459748545694
55117.0,0.010967436192539435
55119.0,0.01596244131455399
55121.0,0.012551159618008186
55123.0,0.020802377414561663
55125.0,0.0177027583367641
55127.0,0.013024944742658667
55129.0,0.014529374605180037
55131.0,0.010546273255125015
55133.0,0.012503818348437022
55135.0,0.027338603425559948
55137.0,0.014380101049358725
55139.0,0.010364145658263305
55141.0,0.012640083398488402
56001.0,0.0033061494379545957
56003.0,0.02866779089376054
56005.0,0.011855364552459988
56007.0,0.014267990074441687
56009.0,0.01678183613030602
56011.0,0.026785714285714284
56013.0,0.01598477640342531
56015.0,0.019559902200488997
56017.0,0.008108108108108109
56019.0,0.013717421124828532
56021.0,0.011807353702744692
56023.0,0.008486562942008486
56025.0,0.016972082154716517
56027.0,0.012345679012345678
56029.0,0.01053001053001053
56031.0,0.016591251885369532
56033.0,0.009606445615122404
56035.0,0.008793969849246231
56037.0,0.008556384379113647
56039.0,0.0023778071334214002
56041.0,0.005684302579798863
56043.0,0.02813852813852814
56045.0,0.00916030534351145
69110.0,0.011049723756906077
69120.0,0.0
78010.0,0.00715307582260372
78020.0,0.004132231404958678
78030.0,0.009081196581196582
